"编号{id,int}(idx)","名称(str,n)","描述(str,d)","类型{type,int}(num,tp)","接受条件组{acceptCdits,json_cdits}(json,ac)","完成条件组{finCdits,json_cdits}(json,fc)","自动行为组{autoBehavs,json_behavs}(json,ab)","手动行为组{manualBehavs,json_behavs}(json,mb)","重置类型{loop,str}","文字描述1","文字描述2",
35200001,1.经营酒吧,经营酒吧次数达3次,1,[],"[{type:3,param:1,val:3,recMode:0}]",[],"[{type:1,funcs:[{type:4,param:80400001,value:100000}]}]",n,135200001,235200001,
35200002,2.提升声望,提升声望次数达3次,1,"[{type:6,param:1,val:35200001}]","[{type:3,param:2,val:3,recMode:0}]",[],"[{type:1,funcs:[{type:4,param:80400003,value:100000}]}]",n,135200002,235200002,
35200003,3.生产物资,生产物资次数达3次,1,"[{type:6,param:1,val:35200002}]","[{type:3,param:3,val:3,recMode:0}]",[],"[{type:1,funcs:[{type:4,param:80400004,value:100000}]}]",n,135200003,235200003,
35200004,4.培养王三多,王三多等级达10级,1,"[{type:6,param:1,val:35200003}]","[{type:7,param:20100001,val:10,recMode:0}]",[],"[{type:1,funcs:[{type:4,param:80400001,value:100000}]}]",n,135200004,235200004,
35200005,5.培养终结者,终结者等级达10级,1,"[{type:6,param:1,val:35200004}]","[{type:7,param:20100002,val:10,recMode:0}]",[],"[{type:1,funcs:[{type:4,param:80400001,value:100000}]}]",n,135200005,235200005,
35200006,6.培养周星星,周星星等级达10级,1,"[{type:6,param:1,val:35200005}]","[{type:7,param:20100003,val:10,recMode:0}]",[],"[{type:1,funcs:[{type:4,param:80400001,value:100000}]}]",n,135200006,235200006,
35200007,7.培养葛大爷,葛大爷等级达10级,1,"[{type:6,param:1,val:35200006}]","[{type:7,param:20100004,val:10,recMode:0}]",[],"[{type:1,funcs:[{type:4,param:80400001,value:100000}]}]",n,135200007,235200007,
35200008,8.培养易教授,易教授等级达10级,1,"[{type:6,param:1,val:35200007}]","[{type:7,param:20100005,val:10,recMode:0}]",[],"[{type:1,funcs:[{type:4,param:80400001,value:100000}]}]",n,135200008,235200008,
35200009,9.日常决策,日常决策次数达3次,1,"[{type:6,param:1,val:35200008}]","[{type:3,param:4,val:3,recMode:0}]",[],"[{type:1,funcs:[{type:4,param:80400004,value:100000}]}]",n,135200009,235200009,
35200010,10.路见不平1,累计在关卡中战斗胜利16次,1,"[{type:6,param:1,val:35200009}]","[{type:3,param:5,val:16,recMode:0}]",[],"[{type:1,funcs:[{type:4,param:80400001,value:100000},{type:4,param:80400003,value:100000},{type:4,param:80400004,value:100000}]}]",n,135200010,235200010,
35200011,11.经营酒吧,经营酒吧次数达6次,1,"[{type:6,param:1,val:35200010}]","[{type:3,param:1,val:6,recMode:0}]",[],"[{type:1,funcs:[{type:4,param:80400001,value:100000}]}]",n,135200011,235200011,
35200012,12.提升声望,提升声望次数达6次,1,"[{type:6,param:1,val:35200011}]","[{type:3,param:2,val:6,recMode:0}]",[],"[{type:1,funcs:[{type:4,param:80400003,value:100000}]}]",n,135200012,235200012,
35200013,13.生产物资,生产物资次数达6次,1,"[{type:6,param:1,val:35200012}]","[{type:3,param:3,val:6,recMode:0}]",[],"[{type:1,funcs:[{type:4,param:80400004,value:100000}]}]",n,135200013,235200013,
35200014,14.培养小弟,至少1名小弟等级达到20级,1,"[{type:6,param:1,val:35200013}]","[{type:4,param:20,val:1,recMode:0}]",[],"[{type:1,funcs:[{type:1,param:30030003,value:2}]}]",n,135200014,235200014,
35200015,15.势不可挡,势力达到5000,1,"[{type:6,param:1,val:35200014}]","[{type:3,param:6,val:5000,recMode:0}]",[],"[{type:1,funcs:[{type:2,param:20100010,value:1},{type:1,param:30030004,value:1}]}]",n,135200015,235200015,
35200016,16.工作狂人,使用1次印章,1,"[{type:6,param:1,val:35200015}]","[{type:2,param:30030004,val:1,recMode:0}]",[],"[{type:1,funcs:[{type:4,param:80400004,value:100000}]}]",n,135200016,235200016,
35200017,17.路见不平2,累计在关卡中战斗胜利32次,1,"[{type:6,param:1,val:35200016}]","[{type:3,param:5,val:32,recMode:0}]",[],"[{type:1,funcs:[{type:4,param:80400001,value:100000},{type:4,param:80400003,value:100000},{type:4,param:80400004,value:100000}]}]",n,135200017,235200017,
35200018,18.培养小弟,至少3名小弟等级达到20级,1,"[{type:6,param:1,val:35200017}]","[{type:4,param:20,val:3,recMode:0}]",[],"[{type:1,funcs:[{type:1,param:30030003,value:2}]}]",n,135200018,235200018,
35200019,19.业务上门1,累计在关卡中战斗胜利49次,1,"[{type:6,param:1,val:35200018}]","[{type:3,param:5,val:49,recMode:0}]",[],"[{type:1,funcs:[{type:4,param:80400001,value:100000},{type:4,param:80400003,value:100000},{type:4,param:80400004,value:100000}]}]",n,135200019,235200019,
35200020,20.知名度暴增,富豪等级达到酒吧小老板2,1,"[{type:6,param:1,val:35200019}]","[{type:3,param:7,val:2,recMode:0}]",[],"[{type:1,funcs:[{type:1,param:30110010,value:1},{type:1,param:30110006,value:1}]}]",n,135200020,235200020,
35200021,21.拈花惹草,随机约会妹子次数达3次,1,"[{type:6,param:1,val:35200020}]","[{type:3,param:8,val:3,recMode:0}]",[],"[{type:1,funcs:[{type:4,param:80400002,value:30}]}]",n,135200021,235200021,
35200022,22.认真追求,指定约会妹子次数达1次,1,"[{type:6,param:1,val:35200021}]","[{type:3,param:9,val:1,recMode:0}]",[],"[{type:1,funcs:[{type:1,param:30030007,value:3}]}]",n,135200022,235200022,
35200023,23.领养孩子,领养孩子数量达1个,1,"[{type:6,param:1,val:35200022}]","[{type:3,param:10,val:1,recMode:0}]",[],"[{type:1,funcs:[{type:1,param:30030006,value:3}]}]",n,135200023,235200023,
35200024,24.养儿育女,孩子培养次数达2次,1,"[{type:6,param:1,val:35200023}]","[{type:3,param:11,val:2,recMode:0}]",[],"[{type:1,funcs:[{type:1,param:30200040,value:1},{type:1,param:30200043,value:1}]}]",n,135200024,235200024,
35200025,25.培养小弟,至少5名小弟等级达到20级,1,"[{type:6,param:1,val:35200024}]","[{type:4,param:20,val:5,recMode:0}]",[],"[{type:1,funcs:[{type:1,param:30030003,value:2}]}]",n,135200025,235200025,
35200026,26.势不可挡,势力达到10000,1,"[{type:6,param:1,val:35200025}]","[{type:3,param:6,val:10000,recMode:0}]",[],"[{type:1,funcs:[{type:2,param:20100011,value:1},{type:1,param:30030004,value:1}]}]",n,135200026,235200026,
35200027,27.业务上门2,累计在关卡中战斗胜利82次,1,"[{type:6,param:1,val:35200026}]","[{type:3,param:5,val:82,recMode:0}]",[],"[{type:1,funcs:[{type:4,param:80400001,value:100000}]}]",n,135200027,235200027,
35200028,28.膜拜大神,膜拜次数达3次,1,"[{type:6,param:1,val:35200027}]","[{type:3,param:12,val:3,recMode:0}]",[],"[{type:1,funcs:[{type:4,param:80400004,value:100000}]}]",n,135200028,235200028,
35200029,29.每日签到,累积签到1天,1,"[{type:6,param:1,val:35200028}]","[{type:3,param:13,val:1,recMode:0}]",[],"[{type:1,funcs:[{type:4,param:80400002,value:100}]}]",n,135200029,235200029,
35200030,30.培养小弟,至少7名小弟等级达到20级,1,"[{type:6,param:1,val:35200029}]","[{type:4,param:20,val:7,recMode:0}]",[],"[{type:1,funcs:[{type:1,param:30030003,value:2}]}]",n,135200030,235200030,
35200031,31.神秘计划,累计在关卡中战斗胜利123次,1,"[{type:6,param:1,val:35200030}]","[{type:3,param:5,val:123,recMode:0}]",[],"[{type:1,funcs:[{type:1,param:30030006,value:3},{type:1,param:30030007,value:1},{type:1,param:30030004,value:1}]}]",n,135200031,235200031,
35200032,32.经营酒吧,经营酒吧次数达20次,1,"[{type:6,param:1,val:35200031}]","[{type:3,param:1,val:20,recMode:0}]",[],"[{type:1,funcs:[{type:4,param:80400001,value:100000}]}]",n,135200032,235200032,
35200033,33.提升声望,提升声望次数达20次,1,"[{type:6,param:1,val:35200032}]","[{type:3,param:2,val:20,recMode:0}]",[],"[{type:1,funcs:[{type:4,param:80400003,value:100000}]}]",n,135200033,235200033,
35200034,34.生产物资,生产物资次数达20次,1,"[{type:6,param:1,val:35200033}]","[{type:3,param:3,val:20,recMode:0}]",[],"[{type:1,funcs:[{type:4,param:80400004,value:100000}]}]",n,135200034,235200034,
35200035,35.培养小弟,至少1名小弟等级达到30级,1,"[{type:6,param:1,val:35200034}]","[{type:4,param:30,val:1,recMode:0}]",[],"[{type:1,funcs:[{type:1,param:30030003,value:2}]}]",n,135200035,235200035,
35200036,36.狭路相逢1,累计在关卡中战斗胜利143次,1,"[{type:6,param:1,val:35200035}]","[{type:3,param:5,val:143,recMode:0}]",[],"[{type:1,funcs:[{type:4,param:80400001,value:100000}]}]",n,135200036,235200036,
35200037,37.知名度暴增,富豪等级达到酒吧小老板3,1,"[{type:6,param:1,val:35200036}]","[{type:3,param:7,val:3,recMode:0}]",[],"[{type:1,funcs:[{type:1,param:30110013,value:2},{type:1,param:30030004,value:1}]}]",n,135200037,235200037,
35200038,38.培养小弟,使用强化卷培养小弟秘籍1次,1,"[{type:6,param:1,val:35200037}]","[{type:3,param:43,val:1,recMode:0}]",[],"[{type:1,funcs:[{type:4,param:80400001,value:100000}]}]",n,135200038,235200038,
35200039,39.势不可挡,势力达到20000,1,"[{type:6,param:1,val:35200038}]","[{type:3,param:6,val:20000,recMode:0}]",[],"[{type:1,funcs:[{type:2,param:20100013,value:1},{type:1,param:30030004,value:1}]}]",n,135200039,235200039,
35200040,40.旅游散心,去散心次数达3次,1,"[{type:6,param:1,val:35200039}]","[{type:3,param:15,val:3,recMode:0}]",[],"[{type:1,funcs:[{type:1,param:30030005,value:2}]}]",n,135200040,235200040,
35200041,41.体力恢复,使用【体能饮料】1次,1,"[{type:6,param:1,val:35200040}]","[{type:2,param:30030005,val:1,recMode:0}]",[],"[{type:1,funcs:[{type:4,param:80400001,value:100000}]}]",n,135200041,235200041,
35200042,42.培养小弟,至少3名小弟等级达到30级,1,"[{type:6,param:1,val:35200041}]","[{type:4,param:30,val:3,recMode:0}]",[],"[{type:1,funcs:[{type:4,param:80400004,value:100000},{type:1,param:30030006,value:3}]}]",n,135200042,235200042,
35200043,43.活力恢复,使用【刘老吉凉茶】6次,1,"[{type:6,param:1,val:35200042}]","[{type:2,param:30030006,val:6,recMode:0}]",[],"[{type:1,funcs:[{type:4,param:80400002,value:80}]}]",n,135200043,235200043,
35200044,44.工作狂人,累计使用5次【印章】,1,"[{type:6,param:1,val:35200043}]","[{type:2,param:30030004,val:5,recMode:0}]",[],"[{type:1,funcs:[{type:1,param:30200027,value:1}]}]",n,135200044,235200044,
35200045,45.狭路相逢2,累计在关卡中战斗胜利164次,1,"[{type:6,param:1,val:35200044}]","[{type:3,param:5,val:164,recMode:0}]",[],"[{type:1,funcs:[{type:4,param:80400001,value:100000}]}]",n,135200045,235200045,
35200046,46.经营酒吧,经营酒吧次数达40次,1,"[{type:6,param:1,val:35200045}]","[{type:3,param:1,val:40,recMode:0}]",[],"[{type:1,funcs:[{type:4,param:80400001,value:100000}]}]",n,135200046,235200046,
35200047,47.提升声望,提升声望次数达40次,1,"[{type:6,param:1,val:35200046}]","[{type:3,param:2,val:40,recMode:0}]",[],"[{type:1,funcs:[{type:4,param:80400003,value:100000}]}]",n,135200047,235200047,
35200048,48.生产物资,生产物资次数达40次,1,"[{type:6,param:1,val:35200047}]","[{type:3,param:3,val:40,recMode:0}]",[],"[{type:1,funcs:[{type:4,param:80400004,value:100000}]}]",n,135200048,235200048,
35200049,49.培养小弟,至少5名小弟等级达到30级,1,"[{type:6,param:1,val:35200048}]","[{type:4,param:30,val:5,recMode:0}]",[],"[{type:1,funcs:[{type:1,param:30030003,value:2}]}]",n,135200049,235200049,
35200050,50.交际应酬,酒楼搞应酬次数达10次,1,"[{type:6,param:1,val:35200049}]","[{type:3,param:16,val:10,recMode:0}]",[],"[{type:1,funcs:[{type:1,param:30200040,value:1},{type:1,param:30200043,value:1}]}]",n,135200050,235200050,
35200051,51.势不可挡,势力达到30000,1,"[{type:6,param:1,val:35200050}]","[{type:3,param:6,val:30000,recMode:0}]",[],"[{type:1,funcs:[{type:2,param:20100014,value:1},{type:1,param:30030004,value:1}]}]",n,135200051,235200051,
35200052,52.昔日的耻辱,累计在关卡中战斗胜利205次,1,"[{type:6,param:1,val:35200051}]","[{type:3,param:5,val:205,recMode:0}]",[],"[{type:1,funcs:[{type:1,param:30030005,value:3},{type:1,param:30030007,value:1},{type:1,param:30030004,value:1}]}]",n,135200052,235200052,
35200053,53.日常决策,日常决策次数达6次,1,"[{type:6,param:1,val:35200052}]","[{type:3,param:4,val:6,recMode:0}]",[],"[{type:1,funcs:[{type:1,param:30200036,value:1}]}]",n,135200053,235200053,
35200054,54.培养小弟,至少7名小弟等级达到30级,1,"[{type:6,param:1,val:35200053}]","[{type:4,param:30,val:7,recMode:0}]",[],"[{type:1,funcs:[{type:1,param:30030003,value:2}]}]",n,135200054,235200054,
35200055,55.领取福利,电视台领取福利次数达到1次,1,"[{type:6,param:1,val:35200054}]","[{type:3,param:38,val:1,recMode:0}]",[],"[{type:1,funcs:[{type:4,param:80400001,value:100000}]}]",n,135200055,235200055,
35200056,56.家教学习,家教学习次数达到1次,1,"[{type:6,param:1,val:35200055}]","[{type:3,param:17,val:1,recMode:0}]",[],"[{type:1,funcs:[{type:4,param:80400003,value:100000}]}]",n,135200056,235200056,
35200057,57.拈花惹草,随机约会妹子次数达12次,1,"[{type:6,param:1,val:35200056}]","[{type:3,param:8,val:12,recMode:0}]",[],"[{type:1,funcs:[{type:1,param:30200040,value:1},{type:1,param:30200043,value:1}]}]",n,135200057,235200057,
35200058,58.赠送礼物,给妹子送礼物次数达到3次,1,"[{type:6,param:1,val:35200057}]","[{type:3,param:18,val:3,recMode:0}]",[],"[{type:1,funcs:[{type:1,param:30030005,value:2}]}]",n,135200058,235200058,
35200059,59.旅游散心,去散心次数达12次,1,"[{type:6,param:1,val:35200058}]","[{type:3,param:15,val:12,recMode:0}]",[],"[{type:1,funcs:[{type:4,param:80400004,value:100000}]}]",n,135200059,235200059,
35200060,60.复仇的快感,累计在关卡中战斗胜利246次,1,"[{type:6,param:1,val:35200059}]","[{type:3,param:5,val:246,recMode:0}]",[],"[{type:1,funcs:[{type:4,param:80400001,value:100000}]}]",n,135200060,235200060,
35200061,61.培养小弟,至少1名小弟等级达到40级,1,"[{type:6,param:1,val:35200060}]","[{type:4,param:40,val:1,recMode:0}]",[],"[{type:1,funcs:[{type:1,param:30030003,value:2}]}]",n,135200061,235200061,
35200062,62.势不可挡,势力达到40000,1,"[{type:6,param:1,val:35200061}]","[{type:3,param:6,val:40000,recMode:0}]",[],"[{type:1,funcs:[{type:2,param:20100015,value:1},{type:1,param:30030004,value:1}]}]",n,135200062,235200062,
35200063,63.每日签到,累积签到2天,1,"[{type:6,param:1,val:35200062}]","[{type:3,param:13,val:2,recMode:0}]",[],"[{type:1,funcs:[{type:4,param:80400002,value:200}]}]",n,135200063,235200063,
35200064,64.经营酒吧,经营酒吧次数达80次,1,"[{type:6,param:1,val:35200063}]","[{type:3,param:1,val:80,recMode:0}]",[],"[{type:1,funcs:[{type:4,param:80400001,value:200000}]}]",n,135200064,235200064,
35200065,65.提升声望,提升声望次数达80次,1,"[{type:6,param:1,val:35200064}]","[{type:3,param:2,val:80,recMode:0}]",[],"[{type:1,funcs:[{type:4,param:80400003,value:200000}]}]",n,135200065,235200065,
35200066,66.生产物资,生产物资次数达80次,1,"[{type:6,param:1,val:35200065}]","[{type:3,param:3,val:80,recMode:0}]",[],"[{type:1,funcs:[{type:4,param:80400001,value:200000}]}]",n,135200066,235200066,
35200067,67.新的挑战,累计在关卡中战斗胜利287次,1,"[{type:6,param:1,val:35200066}]","[{type:3,param:5,val:287,recMode:0}]",[],"[{type:1,funcs:[{type:4,param:80400004,value:200000}]}]",n,135200067,235200067,
35200068,68.知名度暴增,富豪等级达到酒吧大老板1,1,"[{type:6,param:1,val:35200067}]","[{type:3,param:7,val:4,recMode:0}]",[],"[{type:1,funcs:[{type:1,param:30030005,value:1},{type:1,param:30030006,value:1},{type:1,param:30030007,value:1}]}]",n,135200068,235200068,
35200069,69.领养孩子,领养孩子数量达2个,1,"[{type:6,param:1,val:35200068}]","[{type:3,param:10,val:2,recMode:0}]",[],"[{type:1,funcs:[{type:1,param:30200040,value:1},{type:1,param:30200043,value:1}]}]",n,135200069,235200069,
35200070,70.培养小弟,至少3名小弟等级达到40级,1,"[{type:6,param:1,val:35200069}]","[{type:4,param:40,val:3,recMode:0}]",[],"[{type:1,funcs:[{type:1,param:30030003,value:2}]}]",n,135200070,235200070,
35200071,71.培养小弟,至少5名小弟等级达到40级,1,"[{type:6,param:1,val:35200070}]","[{type:4,param:40,val:5,recMode:0}]",[],"[{type:1,funcs:[{type:1,param:30200027,value:1}]}]",n,135200071,235200071,
35200072,72.赠送礼物,给妹子送礼物次数达到6次,1,"[{type:6,param:1,val:35200071}]","[{type:3,param:18,val:6,recMode:0}]",[],"[{type:1,funcs:[{type:1,param:30200026,value:1},{type:1,param:30200030,value:1}]}]",n,135200072,235200072,
35200073,73.势不可挡,势力达到60000,1,"[{type:6,param:1,val:35200072}]","[{type:3,param:6,val:60000,recMode:0}]",[],"[{type:1,funcs:[{type:2,param:20100012,value:1},{type:1,param:30030004,value:1}]}]",n,135200073,235200073,
35200074,74.交际应酬,酒楼搞应酬次数达30次,1,"[{type:6,param:1,val:35200073}]","[{type:3,param:16,val:30,recMode:0}]",[],"[{type:1,funcs:[{type:4,param:80400001,value:200000}]}]",n,135200074,235200074,
35200075,75.培养小弟,至少7名小弟等级达到40级,1,"[{type:6,param:1,val:35200074}]","[{type:4,param:40,val:7,recMode:0}]",[],"[{type:1,funcs:[{type:4,param:80400004,value:200000}]}]",n,135200075,235200075,
35200076,76.培养小弟,至少1名小弟等级达到50级,1,"[{type:6,param:1,val:35200075}]","[{type:4,param:50,val:1,recMode:0}]",[],"[{type:1,funcs:[{type:4,param:80400001,value:200000}]}]",n,135200076,235200076,
35200077,77.培养小弟,至少3名小弟等级达到50级,1,"[{type:6,param:1,val:35200076}]","[{type:4,param:50,val:3,recMode:0}]",[],"[{type:1,funcs:[{type:4,param:80400004,value:200000}]}]",n,135200077,235200077,
35200078,78.培养小弟,至少5名小弟等级达到50级,1,"[{type:6,param:1,val:35200077}]","[{type:4,param:50,val:5,recMode:0}]",[],"[{type:1,funcs:[{type:4,param:80400001,value:200000}]}]",n,135200078,235200078,
35200079,79.培养小弟,至少7名小弟等级达到50级,1,"[{type:6,param:1,val:35200078}]","[{type:4,param:50,val:7,recMode:0}]",[],"[{type:1,funcs:[{type:4,param:80400004,value:200000}]}]",n,135200079,235200079,
35200080,80.齐心协力,累计在关卡中战斗胜利328次,1,"[{type:6,param:1,val:35200079}]","[{type:3,param:5,val:328,recMode:0}]",[],"[{type:1,funcs:[{type:1,param:30030003,value:2}]}]",n,135200080,235200080,
35200081,81.膜拜大神,膜拜次数达6次,1,"[{type:6,param:1,val:35200080}]","[{type:3,param:12,val:6,recMode:0}]",[],"[{type:1,funcs:[{type:1,param:30030004,value:2}]}]",n,135200081,235200081,
35200082,82.工作狂人,累计使用10次【印章】,1,"[{type:6,param:1,val:35200081}]","[{type:2,param:30030004,val:10,recMode:0}]",[],"[{type:1,funcs:[{type:1,param:30030005,value:2}]}]",n,135200082,235200082,
35200083,83.经营酒吧,经营酒吧次数达110次,1,"[{type:6,param:1,val:35200082}]","[{type:3,param:1,val:110,recMode:0}]",[],"[{type:1,funcs:[{type:1,param:30030006,value:2}]}]",n,135200083,235200083,
35200084,84.提升声望,提升声望次数达110次,1,"[{type:6,param:1,val:35200083}]","[{type:3,param:2,val:110,recMode:0}]",[],"[{type:1,funcs:[{type:1,param:30030007,value:2}]}]",n,135200084,235200084,
35200085,85.生产物资,生产物资次数达110次,1,"[{type:6,param:1,val:35200084}]","[{type:3,param:3,val:110,recMode:0}]",[],"[{type:1,funcs:[{type:1,param:30030008,value:1}]}]",n,135200085,235200085,
35200086,86.势不可挡,势力达到8万,1,"[{type:6,param:1,val:35200085}]","[{type:3,param:6,val:80000,recMode:0}]",[],"[{type:1,funcs:[{type:2,param:20100016,value:1},{type:1,param:30030004,value:1}]}]",n,135200086,235200086,
35200087,87.培养小弟,至少1名小弟等级达到60级,1,"[{type:6,param:1,val:35200086}]","[{type:4,param:60,val:1,recMode:0}]",[],"[{type:1,funcs:[{type:1,param:30200040,value:1},{type:1,param:30200043,value:1}]}]",n,135200087,235200087,
35200088,88.峰回路转,累计在关卡中战斗胜利369次,1,"[{type:6,param:1,val:35200087}]","[{type:3,param:5,val:369,recMode:0}]",[],"[{type:1,funcs:[{type:4,param:80400001,value:200000}]}]",n,135200088,235200088,
35200089,89.家教学习,家教学习次数达到4次,1,"[{type:6,param:1,val:35200088}]","[{type:3,param:17,val:4,recMode:0}]",[],"[{type:1,funcs:[{type:1,param:30200026,value:1},{type:1,param:30030005,value:1}]}]",n,135200089,235200089,
35200090,90.拈花惹草,随机约会妹子次数达到40次,1,"[{type:6,param:1,val:35200089}]","[{type:3,param:8,val:40,recMode:0}]",[],"[{type:1,funcs:[{type:1,param:30200030,value:1}]}]",n,135200090,235200090,
35200091,91.赠送礼物,给妹子送礼物次数达10次,1,"[{type:6,param:1,val:35200090}]","[{type:3,param:18,val:10,recMode:0}]",[],"[{type:1,funcs:[{type:1,param:30200036,value:1},{type:1,param:30030005,value:1}]}]",n,135200091,235200091,
35200092,92.旅游散心,去散心次数达40次,1,"[{type:6,param:1,val:35200091}]","[{type:3,param:15,val:40,recMode:0}]",[],"[{type:1,funcs:[{type:1,param:30200027,value:1}]}]",n,135200092,235200092,
35200093,93.以理服人,讲道理次数达到1次,1,"[{type:6,param:1,val:35200092}]","[{type:3,param:19,val:1,recMode:0}]",[],"[{type:1,funcs:[{type:1,param:30200026,value:1},{type:1,param:30200030,value:1}]}]",n,135200093,235200093,
35200094,94.完美收官,累计在关卡中战斗胜利410次,1,"[{type:6,param:1,val:35200093}]","[{type:3,param:5,val:410,recMode:0}]",[],"[{type:1,funcs:[{type:4,param:80400001,value:200000}]}]",n,135200094,235200094,
35200095,95.培养小弟,至少2名小弟等级达到60级,1,"[{type:6,param:1,val:35200094}]","[{type:4,param:60,val:2,recMode:0}]",[],"[{type:1,funcs:[{type:4,param:80400004,value:200000}]}]",n,135200095,235200095,
35200096,96.日常决策,日常决策次数达20次,1,"[{type:6,param:1,val:35200095}]","[{type:3,param:4,val:20,recMode:0}]",[],"[{type:1,funcs:[{type:4,param:80400004,value:200000}]}]",n,135200096,235200096,
35200097,97.势不可挡,势力达到10万,1,"[{type:6,param:1,val:35200096}]","[{type:3,param:6,val:100000,recMode:0}]",[],"[{type:1,funcs:[{type:2,param:20100017,value:1},{type:1,param:30030004,value:1}]}]",n,135200097,235200097,
35200098,98.培养小弟,至少4名小弟等级达到60级,1,"[{type:6,param:1,val:35200097}]","[{type:4,param:60,val:4,recMode:0}]",[],"[{type:1,funcs:[{type:4,param:80400001,value:200000}]}]",n,135200098,235200098,
35200099,99.业务暴增,累计在关卡中战斗胜利451次,1,"[{type:6,param:1,val:35200098}]","[{type:3,param:5,val:451,recMode:0}]",[],"[{type:1,funcs:[{type:1,param:30030003,value:2}]}]",n,135200099,235200099,
35200100,100.知名度暴增,富豪等级达到酒吧大老板2,1,"[{type:6,param:1,val:35200099}]","[{type:3,param:7,val:5,recMode:0}]",[],"[{type:1,funcs:[{type:1,param:30030005,value:2},{type:1,param:30030006,value:2},{type:1,param:30030007,value:2}]}]",n,135200100,235200100,
35200101,101.领取福利,电视台领取福利次数达到2次,1,"[{type:6,param:1,val:35200100}]","[{type:3,param:38,val:2,recMode:0}]",[],"[{type:1,funcs:[{type:4,param:80400001,value:200000}]}]",n,135200101,235200101,
35200102,102.培养小弟,至少6名小弟等级达到60级,1,"[{type:6,param:1,val:35200101}]","[{type:4,param:60,val:6,recMode:0}]",[],"[{type:1,funcs:[{type:4,param:80400004,value:200000}]}]",n,135200102,235200102,
35200103,103.培养小弟,至少1名小弟等级达到70级,1,"[{type:6,param:1,val:35200102}]","[{type:4,param:70,val:1,recMode:0}]",[],"[{type:1,funcs:[{type:4,param:80400004,value:200000}]}]",n,135200103,235200103,
35200104,104.以理服人,讲道理次数达到2次,1,"[{type:6,param:1,val:35200103}]","[{type:3,param:19,val:2,recMode:0}]",[],"[{type:1,funcs:[{type:1,param:30200026,value:1},{type:1,param:30200030,value:1}]}]",n,135200104,235200104,
35200105,105.可能是阴谋,累计在关卡中战斗胜利492次,1,"[{type:6,param:1,val:35200104}]","[{type:3,param:5,val:492,recMode:0}]",[],"[{type:1,funcs:[{type:1,param:30030003,value:2}]}]",n,135200105,235200105,
35200106,106.经营酒吧,经营酒吧次数达140次,1,"[{type:6,param:1,val:35200105}]","[{type:3,param:1,val:140,recMode:0}]",[],"[{type:1,funcs:[{type:4,param:80400001,value:200000}]}]",n,135200106,235200106,
35200107,107.提升声望,提升声望次数达140次,1,"[{type:6,param:1,val:35200106}]","[{type:3,param:2,val:140,recMode:0}]",[],"[{type:1,funcs:[{type:4,param:80400003,value:200000}]}]",n,135200107,235200107,
35200108,108.生产物资,生产物资次数达140次,1,"[{type:6,param:1,val:35200107}]","[{type:3,param:3,val:140,recMode:0}]",[],"[{type:1,funcs:[{type:4,param:80400004,value:200000}]}]",n,135200108,235200108,
35200109,109.养儿育女,孩子培养次数达20次,1,"[{type:6,param:1,val:35200108}]","[{type:3,param:11,val:20,recMode:0}]",[],"[{type:1,funcs:[{type:1,param:30200040,value:1},{type:1,param:30200043,value:1}]}]",n,135200109,235200109,
35200110,110.势不可挡,势力达到12万,1,"[{type:6,param:1,val:35200109}]","[{type:3,param:6,val:120000,recMode:0}]",[],"[{type:1,funcs:[{type:2,param:20100018,value:1},{type:1,param:30030004,value:1}]}]",n,135200110,235200110,
35200111,111.以理服人,讲道理次数达到3次,1,"[{type:6,param:1,val:35200110}]","[{type:3,param:19,val:3,recMode:0}]",[],"[{type:1,funcs:[{type:1,param:30200026,value:1},{type:1,param:30200030,value:1}]}]",n,135200111,235200111,
35200112,112.每日签到,累积签到3天,1,"[{type:6,param:1,val:35200111}]","[{type:3,param:13,val:3,recMode:0}]",[],"[{type:1,funcs:[{type:4,param:80400002,value:300}]}]",n,135200112,235200112,
35200113,113.有人投诉,累计在关卡中战斗胜利533次,1,"[{type:6,param:1,val:35200112}]","[{type:3,param:5,val:533,recMode:0}]",[],"[{type:1,funcs:[{type:1,param:30030003,value:2}]}]",n,135200113,235200113,
35200114,114.培养小弟,至少2名小弟等级达到70级,1,"[{type:6,param:1,val:35200113}]","[{type:4,param:70,val:2,recMode:0}]",[],"[{type:1,funcs:[{type:4,param:80400001,value:200000}]}]",n,135200114,235200114,
35200115,115.培养小弟,至少4名小弟等级达到70级,1,"[{type:6,param:1,val:35200114}]","[{type:4,param:70,val:4,recMode:0}]",[],"[{type:1,funcs:[{type:4,param:80400003,value:200000}]}]",n,135200115,235200115,
35200116,116.培养小弟,至少6名小弟等级达到70级,1,"[{type:6,param:1,val:35200115}]","[{type:4,param:70,val:6,recMode:0}]",[],"[{type:1,funcs:[{type:4,param:80400004,value:200000}]}]",n,135200116,235200116,
35200117,117.膜拜大神,膜拜次数达9次,1,"[{type:6,param:1,val:35200116}]","[{type:3,param:12,val:9,recMode:0}]",[],"[{type:1,funcs:[{type:1,param:30030004,value:2}]}]",n,135200117,235200117,
35200118,118.交际应酬,酒楼搞应酬次数达70次,1,"[{type:6,param:1,val:35200117}]","[{type:3,param:16,val:70,recMode:0}]",[],"[{type:1,funcs:[{type:4,param:80400001,value:200000}]}]",n,135200118,235200118,
35200119,119.家教学习,家教学习次数达到8次,1,"[{type:6,param:1,val:35200118}]","[{type:3,param:17,val:8,recMode:0}]",[],"[{type:1,funcs:[{type:1,param:30030007,value:2}]}]",n,135200119,235200119,
35200120,120.拈花惹草,随机约会妹子次数达到60次,1,"[{type:6,param:1,val:35200119}]","[{type:3,param:8,val:60,recMode:0}]",[],"[{type:1,funcs:[{type:1,param:30030005,value:2}]}]",n,135200120,235200120,
35200121,121.旅游散心,去散心次数达到80次,1,"[{type:6,param:1,val:35200120}]","[{type:3,param:15,val:80,recMode:0}]",[],"[{type:1,funcs:[{type:1,param:30030006,value:2}]}]",n,135200121,235200121,
35200122,122.同行搞鬼,累计在关卡中战斗胜利574次,1,"[{type:6,param:1,val:35200121}]","[{type:3,param:5,val:574,recMode:0}]",[],"[{type:1,funcs:[{type:1,param:30030014,value:1}]}]",n,135200122,235200122,
35200123,123.以理服人,讲道理次数达到4次,1,"[{type:6,param:1,val:35200122}]","[{type:3,param:19,val:4,recMode:0}]",[],"[{type:1,funcs:[{type:1,param:30200026,value:1},{type:1,param:30200030,value:1}]}]",n,135200123,235200123,
35200124,124.工作狂人,使用20次【印章】,1,"[{type:6,param:1,val:35200123}]","[{type:2,param:30030004,val:20,recMode:0}]",[],"[{type:1,funcs:[{type:4,param:80400001,value:300000}]}]",n,135200124,235200124,
35200125,125.势不可挡,势力达到14万,1,"[{type:6,param:1,val:35200124}]","[{type:3,param:6,val:140000,recMode:0}]",[],"[{type:1,funcs:[{type:2,param:20100019,value:1},{type:1,param:30030004,value:1}]}]",n,135200125,235200125,
35200126,126.养儿育女,孩子培养次数达30次,1,"[{type:6,param:1,val:35200125}]","[{type:3,param:11,val:30,recMode:0}]",[],"[{type:1,funcs:[{type:1,param:30200040,value:1},{type:1,param:30200043,value:1}]}]",n,135200126,235200126,
35200127,127.培养小弟,至少1名小弟等级达到80级,1,"[{type:6,param:1,val:35200126}]","[{type:4,param:80,val:1,recMode:0}]",[],"[{type:1,funcs:[{type:1,param:30030003,value:2}]}]",n,135200127,235200127,
35200128,128.陷入困境,累计在关卡中战斗胜利615次,1,"[{type:6,param:1,val:35200127}]","[{type:3,param:5,val:615,recMode:0}]",[],"[{type:1,funcs:[{type:4,param:80400002,value:300}]}]",n,135200128,235200128,
35200129,129.增加领养,增加领养人数上限至3个,1,"[{type:6,param:1,val:35200128}]","[{type:3,param:20,val:3,recMode:0}]",[],"[{type:1,funcs:[{type:1,param:30200027,value:1}]}]",n,135200129,235200129,
35200130,130.领养孩子,领养孩子数量达3个,1,"[{type:6,param:1,val:35200129}]","[{type:3,param:10,val:3,recMode:0}]",[],"[{type:1,funcs:[{type:4,param:80400002,value:300}]}]",n,135200130,235200130,
35200131,131.添加席位,扩展家教席位至3个,1,"[{type:6,param:1,val:35200130}]","[{type:3,param:21,val:3,recMode:0}]",[],"[{type:1,funcs:[{type:1,param:30030011,value:1}]}]",n,135200131,235200131,
35200132,132.经营酒吧,经营酒吧次数达170次,1,"[{type:6,param:1,val:35200131}]","[{type:3,param:1,val:170,recMode:0}]",[],"[{type:1,funcs:[{type:4,param:80400001,value:300000}]}]",n,135200132,235200132,
35200133,133.提升声望,提升声望次数达170次,1,"[{type:6,param:1,val:35200132}]","[{type:3,param:2,val:170,recMode:0}]",[],"[{type:1,funcs:[{type:4,param:80400003,value:300000}]}]",n,135200133,235200133,
35200134,134.生产物资,生产物资次数达170次,1,"[{type:6,param:1,val:35200133}]","[{type:3,param:3,val:170,recMode:0}]",[],"[{type:1,funcs:[{type:4,param:80400004,value:300000}]}]",n,135200134,235200134,
35200135,135.以理服人,讲道理次数达到6次,1,"[{type:6,param:1,val:35200134}]","[{type:3,param:19,val:6,recMode:0}]",[],"[{type:1,funcs:[{type:1,param:30200026,value:1},{type:1,param:30200030,value:1}]}]",n,135200135,235200135,
35200136,136.势不可挡,势力达到15万,1,"[{type:6,param:1,val:35200135}]","[{type:3,param:6,val:150000,recMode:0}]",[],"[{type:1,funcs:[{type:1,param:30030014,value:1}]}]",n,135200136,235200136,
35200137,137.秘书的神通,累计在关卡中战斗胜利656次,1,"[{type:6,param:1,val:35200136}]","[{type:3,param:5,val:656,recMode:0}]",[],"[{type:1,funcs:[{type:4,param:80400001,value:300000}]}]",n,135200137,235200137,
35200138,138.培养小弟,至少2名小弟等级达到80级,1,"[{type:6,param:1,val:35200137}]","[{type:4,param:80,val:2,recMode:0}]",[],"[{type:1,funcs:[{type:4,param:80400001,value:300000}]}]",n,135200138,235200138,
35200139,139.培养小弟,至少3名小弟等级达到80级,1,"[{type:6,param:1,val:35200138}]","[{type:4,param:80,val:3,recMode:0}]",[],"[{type:1,funcs:[{type:4,param:80400004,value:300000}]}]",n,135200139,235200139,
35200140,140.势不可挡,势力达到16万,1,"[{type:6,param:1,val:35200139}]","[{type:3,param:6,val:160000,recMode:0}]",[],"[{type:1,funcs:[{type:1,param:30030006,value:3},{type:1,param:30030014,value:1}]}]",n,135200140,235200140,
35200141,141.秘书的神通,累计在关卡中战斗胜利697次,1,"[{type:6,param:1,val:35200140}]","[{type:3,param:5,val:697,recMode:0}]",[],"[{type:1,funcs:[{type:1,param:30030012,value:1}]}]",n,135200141,235200141,
35200142,142.滔滔不绝,茶楼使用【茶具】1次,1,"[{type:6,param:1,val:35200141}]","[{type:2,param:30030012,val:1,recMode:0}]",[],"[{type:1,funcs:[{type:1,param:30030003,value:2}]}]",n,135200142,235200142,
35200143,143.购买道具,商城购买任意道具1次,1,"[{type:6,param:1,val:35200142}]","[{type:3,param:22,val:1,recMode:0}]",[],"[{type:1,funcs:[{type:1,param:30200036,value:1}]}]",n,135200143,235200143,
35200144,144.培养小弟,至少4名小弟等级达到80级,1,"[{type:6,param:1,val:35200143}]","[{type:4,param:80,val:4,recMode:0}]",[],"[{type:1,funcs:[{type:4,param:80400001,value:300000}]}]",n,135200144,235200144,
35200145,145.培养小弟,至少5名小弟等级达到80级,1,"[{type:6,param:1,val:35200144}]","[{type:4,param:80,val:5,recMode:0}]",[],"[{type:1,funcs:[{type:4,param:80400004,value:300000}]}]",n,135200145,235200145,
35200146,146.培养小弟,至少6名小弟等级达到80级,1,"[{type:6,param:1,val:35200145}]","[{type:4,param:80,val:6,recMode:0}]",[],"[{type:1,funcs:[{type:4,param:80400004,value:300000}]}]",n,135200146,235200146,
35200147,147.化险为夷,累计在关卡中战斗胜利738次,1,"[{type:6,param:1,val:35200146}]","[{type:3,param:5,val:738,recMode:0}]",[],"[{type:1,funcs:[{type:1,param:30030006,value:3}]}]",n,135200147,235200147,
35200148,148.经营酒吧,经营酒吧次数达200次,1,"[{type:6,param:1,val:35200147}]","[{type:3,param:1,val:200,recMode:0}]",[],"[{type:1,funcs:[{type:4,param:80400001,value:300000}]}]",n,135200148,235200148,
35200149,149.提升声望,提升声望次数达200次,1,"[{type:6,param:1,val:35200148}]","[{type:3,param:2,val:200,recMode:0}]",[],"[{type:1,funcs:[{type:4,param:80400003,value:300000}]}]",n,135200149,235200149,
35200150,150.生产物资,生产物资次数达200次,1,"[{type:6,param:1,val:35200149}]","[{type:3,param:3,val:200,recMode:0}]",[],"[{type:1,funcs:[{type:4,param:80400004,value:300000}]}]",n,135200150,235200150,
35200151,151.渐入佳境,累计在关卡中战斗胜利779次,1,"[{type:6,param:1,val:35200150}]","[{type:3,param:5,val:779,recMode:0}]",[],"[{type:1,funcs:[{type:1,param:30030011,value:1}]}]",n,135200151,235200151,
35200152,152.技能升级,小弟技能升级次数达20次,1,"[{type:6,param:1,val:35200151}]","[{type:3,param:23,val:20,recMode:0}]",[],"[{type:1,funcs:[{type:1,param:30030006,value:3}]}]",n,135200152,235200152,
35200153,153.活力恢复,使用【刘老吉凉茶】20次,1,"[{type:6,param:1,val:35200152}]","[{type:2,param:30030006,val:20,recMode:0}]",[],"[{type:1,funcs:[{type:4,param:80400002,value:80}]}]",n,135200153,235200153,
35200154,154.喜结良缘,举行婚礼次数达1次,1,"[{type:6,param:1,val:35200153}]","[{type:3,param:31,val:1,recMode:0}]",[],"[{type:1,funcs:[{type:1,param:30200036,value:1}]}]",n,135200154,235200154,
35200155,155.声名鹊起,累计在关卡中战斗胜利820次,1,"[{type:6,param:1,val:35200154}]","[{type:3,param:5,val:820,recMode:0}]",[],"[{type:1,funcs:[{type:1,param:30200027,value:1}]}]",n,135200155,235200155,
35200156,156.知名度暴增,富豪等级达到酒吧大老板3,1,"[{type:6,param:1,val:35200155}]","[{type:3,param:7,val:6,recMode:0}]",[],"[{type:1,funcs:[{type:1,param:30030005,value:1},{type:1,param:30030006,value:1},{type:1,param:30030007,value:1}]}]",n,135200156,235200156,
35200157,157.领取福利,电视台领取福利次数达到3次,1,"[{type:6,param:1,val:35200156}]","[{type:3,param:38,val:3,recMode:0}]",[],"[{type:1,funcs:[{type:4,param:80400001,value:300000}]}]",n,135200157,235200157,
35200158,158.每日签到,累计签到4天,1,"[{type:6,param:1,val:35200157}]","[{type:3,param:13,val:4,recMode:0}]",[],"[{type:1,funcs:[{type:4,param:80400002,value:400}]}]",n,135200158,235200158,
35200159,159.培养小弟,至少1名小弟等级达到90级,1,"[{type:6,param:1,val:35200158}]","[{type:4,param:90,val:1,recMode:0}]",[],"[{type:1,funcs:[{type:4,param:80400001,value:400000}]}]",n,135200159,235200159,
35200160,160.势不可挡,势力达到18万,1,"[{type:6,param:1,val:35200159}]","[{type:3,param:6,val:180000,recMode:0}]",[],"[{type:1,funcs:[{type:1,param:30030006,value:3},{type:1,param:30030014,value:1}]}]",n,135200160,235200160,
35200161,161.膜拜大神,膜拜次数达12次,1,"[{type:6,param:1,val:35200160}]","[{type:3,param:12,val:12,recMode:0}]",[],"[{type:1,funcs:[{type:1,param:30030004,value:2}]}]",n,135200161,235200161,
35200162,162.交际应酬,酒楼搞应酬次数达120次,1,"[{type:6,param:1,val:35200161}]","[{type:3,param:16,val:120,recMode:0}]",[],"[{type:1,funcs:[{type:1,param:30030003,value:2}]}]",n,135200162,235200162,
35200163,163.顺风顺水,累计在关卡中战斗胜利861次,1,"[{type:6,param:1,val:35200162}]","[{type:3,param:5,val:861,recMode:0}]",[],"[{type:1,funcs:[{type:1,param:30200027,value:1}]}]",n,135200163,235200163,
35200164,164.经营酒吧,经营酒吧次数达230次,1,"[{type:6,param:1,val:35200163}]","[{type:3,param:1,val:230,recMode:0}]",[],"[{type:1,funcs:[{type:4,param:80400001,value:400000}]}]",n,135200164,235200164,
35200165,165.提升声望,提升声望次数达230次,1,"[{type:6,param:1,val:35200164}]","[{type:3,param:2,val:230,recMode:0}]",[],"[{type:1,funcs:[{type:4,param:80400003,value:400000}]}]",n,135200165,235200165,
35200166,166.生产物资,生产物资次数达230次,1,"[{type:6,param:1,val:35200165}]","[{type:3,param:3,val:230,recMode:0}]",[],"[{type:1,funcs:[{type:4,param:80400004,value:400000}]}]",n,135200166,235200166,
35200167,167.家教学习,家教学习次数达到12次,1,"[{type:6,param:1,val:35200166}]","[{type:3,param:17,val:12,recMode:0}]",[],"[{type:1,funcs:[{type:1,param:30030005,value:2}]}]",n,135200167,235200167,
35200168,168.拈花惹草,随机约会妹子次数达到90次,1,"[{type:6,param:1,val:35200167}]","[{type:3,param:8,val:90,recMode:0}]",[],"[{type:1,funcs:[{type:1,param:30030007,value:2}]}]",n,135200168,235200168,
35200169,169.旅游散心,去散心次数达到80次,1,"[{type:6,param:1,val:35200168}]","[{type:3,param:15,val:80,recMode:0}]",[],"[{type:1,funcs:[{type:1,param:30030006,value:2}]}]",n,135200169,235200169,
35200170,170.以理服人,讲道理次数达到8次,1,"[{type:6,param:1,val:35200169}]","[{type:3,param:19,val:8,recMode:0}]",[],"[{type:1,funcs:[{type:1,param:30200026,value:1},{type:1,param:30200030,value:1}]}]",n,135200170,235200170,
35200171,171.培养小弟,至少2名小弟等级达到90级,1,"[{type:6,param:1,val:35200170}]","[{type:4,param:90,val:2,recMode:0}]",[],"[{type:1,funcs:[{type:4,param:80400001,value:400000}]}]",n,135200171,235200171,
35200172,172.拓展疆土,累计在关卡中战斗胜利902次,1,"[{type:6,param:1,val:35200171}]","[{type:3,param:5,val:902,recMode:0}]",[],"[{type:1,funcs:[{type:1,param:30030011,value:1}]}]",n,135200172,235200172,
35200173,173.势不可挡,势力达到20万,1,"[{type:6,param:1,val:35200172}]","[{type:3,param:6,val:200000,recMode:0}]",[],"[{type:1,funcs:[{type:1,param:30030012,value:1}]}]",n,135200173,235200173,
35200174,174.滔滔不绝,茶楼使用【茶具】2次,1,"[{type:6,param:1,val:35200173}]","[{type:2,param:30030012,val:2,recMode:0}]",[],"[{type:1,funcs:[{type:1,param:30030003,value:2}]}]",n,135200174,235200174,
35200175,175.以理服人,讲道理次数达到10次,1,"[{type:6,param:1,val:35200174}]","[{type:3,param:19,val:10,recMode:0}]",[],"[{type:1,funcs:[{type:1,param:30200026,value:1},{type:1,param:30200030,value:1}]}]",n,135200175,235200175,
35200176,176.技能升级,小弟技能升级次数达30次,1,"[{type:6,param:1,val:35200175}]","[{type:3,param:23,val:30,recMode:0}]",[],"[{type:1,funcs:[{type:1,param:30030006,value:2}]}]",n,135200176,235200176,
35200177,177.培养小弟,至少3名小弟等级达到90级,1,"[{type:6,param:1,val:35200176}]","[{type:4,param:90,val:3,recMode:0}]",[],"[{type:1,funcs:[{type:4,param:80400001,value:400000}]}]",n,135200177,235200177,
35200178,178.培养小弟,至少4名小弟等级达到90级,1,"[{type:6,param:1,val:35200177}]","[{type:4,param:90,val:4,recMode:0}]",[],"[{type:1,funcs:[{type:4,param:80400003,value:400000}]}]",n,135200178,235200178,
35200179,179.有人挑事,累计在关卡中战斗胜利943次,1,"[{type:6,param:1,val:35200178}]","[{type:3,param:5,val:943,recMode:0}]",[],"[{type:1,funcs:[{type:4,param:80400004,value:400000}]}]",n,135200179,235200179,
35200180,180.领养孩子,领养孩子数量达4个,1,"[{type:6,param:1,val:35200179}]","[{type:3,param:10,val:4,recMode:0}]",[],"[{type:1,funcs:[{type:1,param:30030003,value:2}]}]",n,135200180,235200180,
35200181,181.妹子养成,升级妹子技能1次,1,"[{type:6,param:1,val:35200180}]","[{type:3,param:42,val:1,recMode:0}]",[],"[{type:1,funcs:[{type:1,param:30200040,value:1},{type:1,param:30200043,value:1}]}]",n,135200181,235200181,
35200182,182.别惹土豪,累计在关卡中战斗胜利984次,1,"[{type:6,param:1,val:35200181}]","[{type:3,param:5,val:984,recMode:0}]",[],"[{type:1,funcs:[{type:1,param:30200003,value:1}]}]",n,135200182,235200182,
35200183,183.势不可挡,势力达到22万,1,"[{type:6,param:1,val:35200182}]","[{type:3,param:6,val:220000,recMode:0}]",[],"[{type:1,funcs:[{type:1,param:30200027,value:1}]}]",n,135200183,235200183,
35200184,184.领取福利,电视台领取福利次数达到4次,1,"[{type:6,param:1,val:35200183}]","[{type:3,param:38,val:4,recMode:0}]",[],"[{type:1,funcs:[{type:1,param:30030003,value:2}]}]",n,135200184,235200184,
35200185,185.经营酒吧,经营酒吧次数达260次,1,"[{type:6,param:1,val:35200184}]","[{type:3,param:1,val:260,recMode:0}]",[],"[{type:1,funcs:[{type:4,param:80400001,value:400000}]}]",n,135200185,235200185,
35200186,186.提升声望,提升声望次数达260次,1,"[{type:6,param:1,val:35200185}]","[{type:3,param:2,val:260,recMode:0}]",[],"[{type:1,funcs:[{type:4,param:80400003,value:400000}]}]",n,135200186,235200186,
35200187,187.生产物资,生产物资次数达260次,1,"[{type:6,param:1,val:35200186}]","[{type:3,param:3,val:260,recMode:0}]",[],"[{type:1,funcs:[{type:4,param:80400004,value:400000}]}]",n,135200187,235200187,
35200188,188.每日签到,累计签到5天,1,"[{type:6,param:1,val:35200187}]","[{type:3,param:13,val:5,recMode:0}]",[],"[{type:1,funcs:[{type:4,param:80400002,value:500}]}]",n,135200188,235200188,
35200189,189.隔壁市的风波,累计在关卡中战斗胜利1025次,1,"[{type:6,param:1,val:35200188}]","[{type:3,param:5,val:1025,recMode:0}]",[],"[{type:1,funcs:[{type:1,param:30030006,value:2}]}]",n,135200189,235200189,
35200190,190.膜拜大神,膜拜次数达15次,1,"[{type:6,param:1,val:35200189}]","[{type:3,param:12,val:15,recMode:0}]",[],"[{type:1,funcs:[{type:1,param:30030003,value:2}]}]",n,135200190,235200190,
35200191,191.培养小弟,至少5名小弟等级达到90级,1,"[{type:6,param:1,val:35200190}]","[{type:4,param:90,val:5,recMode:0}]",[],"[{type:1,funcs:[{type:4,param:80400001,value:500000}]}]",n,135200191,235200191,
35200192,192.培养小弟,至少6名小弟等级达到90级,1,"[{type:6,param:1,val:35200191}]","[{type:4,param:90,val:6,recMode:0}]",[],"[{type:1,funcs:[{type:4,param:80400004,value:500000}]}]",n,135200192,235200192,
35200193,193.家教学习,家教学习次数达到16次,1,"[{type:6,param:1,val:35200192}]","[{type:3,param:17,val:16,recMode:0}]",[],"[{type:1,funcs:[{type:1,param:30030007,value:2}]}]",n,135200193,235200193,
35200194,194.拈花惹草,随机约会妹子次数达到120次,1,"[{type:6,param:1,val:35200193}]","[{type:3,param:8,val:120,recMode:0}]",[],"[{type:1,funcs:[{type:1,param:30030005,value:2}]}]",n,135200194,235200194,
35200195,195.寻访游历,去散心次数达到140次,1,"[{type:6,param:1,val:35200194}]","[{type:3,param:15,val:140,recMode:0}]",[],"[{type:1,funcs:[{type:1,param:30030006,value:2}]}]",n,135200195,235200195,
35200196,196.打地头蛇,累计在关卡中战斗胜利1066次,1,"[{type:6,param:1,val:35200195}]","[{type:3,param:5,val:1066,recMode:0}]",[],"[{type:1,funcs:[{type:1,param:30030003,value:2}]}]",n,135200196,235200196,
35200197,197.妹子养成,升级妹子技能5次,1,"[{type:6,param:1,val:35200196}]","[{type:3,param:42,val:5,recMode:0}]",[],"[{type:1,funcs:[{type:1,param:30200040,value:1},{type:1,param:30200043,value:1}]}]",n,135200197,235200197,
35200198,198.势不可挡,势力达到24万,1,"[{type:6,param:1,val:35200197}]","[{type:3,param:6,val:240000,recMode:0}]",[],"[{type:1,funcs:[{type:1,param:30200027,value:1}]}]",n,135200198,235200198,
35200199,199.以理服人,讲道理次数达到12次,1,"[{type:6,param:1,val:35200198}]","[{type:3,param:19,val:12,recMode:0}]",[],"[{type:1,funcs:[{type:1,param:30200026,value:1},{type:1,param:30200030,value:1}]}]",n,135200199,235200199,
35200200,200.秘书的告诫,累计在关卡中战斗胜利1107次,1,"[{type:6,param:1,val:35200199}]","[{type:3,param:5,val:1107,recMode:0}]",[],"[{type:1,funcs:[{type:1,param:30200003,value:1}]}]",n,135200200,235200200,
35200201,201.交际应酬,酒楼搞应酬次数达200次,1,"[{type:6,param:1,val:35200200}]","[{type:3,param:16,val:200,recMode:0}]",[],"[{type:1,funcs:[{type:4,param:80400001,value:500000}]}]",n,135200201,235200201,
35200202,202.培养小弟,至少1名小弟等级达到100级,1,"[{type:6,param:1,val:35200201}]","[{type:4,param:100,val:1,recMode:0}]",[],"[{type:1,funcs:[{type:4,param:80400004,value:500000}]}]",n,135200202,235200202,
35200203,203.我大意了,累计在关卡中战斗胜利1148次,1,"[{type:6,param:1,val:35200202}]","[{type:3,param:5,val:1148,recMode:0}]",[],"[{type:1,funcs:[{type:1,param:30030006,value:2}]}]",n,135200203,235200203,
35200204,204.经营酒吧,经营酒吧次数达290次,1,"[{type:6,param:1,val:35200203}]","[{type:3,param:1,val:290,recMode:0}]",[],"[{type:1,funcs:[{type:4,param:80400001,value:500000}]}]",n,135200204,235200204,
35200205,205.提升声望,提升声望次数达290次,1,"[{type:6,param:1,val:35200204}]","[{type:3,param:2,val:290,recMode:0}]",[],"[{type:1,funcs:[{type:4,param:80400003,value:500000}]}]",n,135200205,235200205,
35200206,206.生产物资,生产物资次数达290次,1,"[{type:6,param:1,val:35200205}]","[{type:3,param:3,val:290,recMode:0}]",[],"[{type:1,funcs:[{type:4,param:80400004,value:500000}]}]",n,135200206,235200206,
35200207,207.技能升级,小弟技能升级次数达40次,1,"[{type:6,param:1,val:35200206}]","[{type:3,param:23,val:40,recMode:0}]",[],"[{type:1,funcs:[{type:1,param:30030004,value:2}]}]",n,135200207,235200207,
35200208,208.培养小弟,至少2名小弟等级达到100级,1,"[{type:6,param:1,val:35200207}]","[{type:4,param:100,val:2,recMode:0}]",[],"[{type:1,funcs:[{type:1,param:30030003,value:2}]}]",n,135200208,235200208,
35200209,209.吸取教训,累计在关卡中战斗胜利1189次,1,"[{type:6,param:1,val:35200208}]","[{type:3,param:5,val:1189,recMode:0}]",[],"[{type:1,funcs:[{type:1,param:30030006,value:2}]}]",n,135200209,235200209,
35200210,210.势不可挡,势力达到26万,1,"[{type:6,param:1,val:35200209}]","[{type:3,param:6,val:260000,recMode:0}]",[],"[{type:1,funcs:[{type:1,param:30200027,value:1}]}]",n,135200210,235200210,
35200211,211.活力恢复,使用【刘老吉凉茶】30次,1,"[{type:6,param:1,val:35200210}]","[{type:2,param:30030006,val:30,recMode:0}]",[],"[{type:1,funcs:[{type:4,param:80400002,value:80}]}]",n,135200211,235200211,
35200212,212.喜结良缘,举行婚礼次数达2次,1,"[{type:6,param:1,val:35200211}]","[{type:3,param:31,val:2,recMode:0}]",[],"[{type:1,funcs:[{type:1,param:30200036,value:1}]}]",n,135200212,235200212,
35200213,213.排名靠前,累计在关卡中战斗胜利1230次,1,"[{type:6,param:1,val:35200212}]","[{type:3,param:5,val:1230,recMode:0}]",[],"[{type:1,funcs:[{type:1,param:30030014,value:1}]}]",n,135200213,235200213,
35200214,214.日常决策,日常决策次数达80次,1,"[{type:6,param:1,val:35200213}]","[{type:3,param:4,val:80,recMode:0}]",[],"[{type:1,funcs:[{type:4,param:80400001,value:500000}]}]",n,135200214,235200214,
35200215,215.以理服人,讲道理次数达到14次,1,"[{type:6,param:1,val:35200214}]","[{type:3,param:19,val:14,recMode:0}]",[],"[{type:1,funcs:[{type:1,param:30200026,value:1},{type:1,param:30200030,value:1}]}]",n,135200215,235200215,
35200216,216.投资上门,累计在关卡中战斗胜利1271次,1,"[{type:6,param:1,val:35200215}]","[{type:3,param:5,val:1271,recMode:0}]",[],"[{type:1,funcs:[{type:1,param:30030003,value:2}]}]",n,135200216,235200216,
35200217,217.领取福利,电视台领取福利次数达到4次,1,"[{type:6,param:1,val:35200216}]","[{type:3,param:38,val:4,recMode:0}]",[],"[{type:1,funcs:[{type:1,param:30030004,value:2}]}]",n,135200217,235200217,
35200218,218.每日签到,累计签到6天,1,"[{type:6,param:1,val:35200217}]","[{type:3,param:13,val:6,recMode:0}]",[],"[{type:1,funcs:[{type:4,param:80400002,value:600}]}]",n,135200218,235200218,
35200219,219.我相信你,累计在关卡中战斗胜利1312次,1,"[{type:6,param:1,val:35200218}]","[{type:3,param:5,val:1312,recMode:0}]",[],"[{type:1,funcs:[{type:4,param:80400001,value:600000}]}]",n,135200219,235200219,
35200220,220.膜拜大神,膜拜次数达18次,1,"[{type:6,param:1,val:35200219}]","[{type:3,param:12,val:18,recMode:0}]",[],"[{type:1,funcs:[{type:4,param:80400004,value:600000}]}]",n,135200220,235200220,
35200221,221.家教学习,家教学习次数达到20次,1,"[{type:6,param:1,val:35200220}]","[{type:3,param:17,val:20,recMode:0}]",[],"[{type:1,funcs:[{type:1,param:30030007,value:2}]}]",n,135200221,235200221,
35200222,222.拈花惹草,随机约会妹子次数达到150次,1,"[{type:6,param:1,val:35200221}]","[{type:3,param:8,val:150,recMode:0}]",[],"[{type:1,funcs:[{type:1,param:30030005,value:2}]}]",n,135200222,235200222,
35200223,223.寻访游历,去散心次数达到180次,1,"[{type:6,param:1,val:35200222}]","[{type:3,param:15,val:180,recMode:0}]",[],"[{type:1,funcs:[{type:1,param:30030006,value:2}]}]",n,135200223,235200223,
35200224,224.妹子养成,升级妹子技能10次,1,"[{type:6,param:1,val:35200223}]","[{type:3,param:42,val:10,recMode:0}]",[],"[{type:1,funcs:[{type:1,param:30200040,value:1},{type:1,param:30200043,value:1}]}]",n,135200224,235200224,
35200225,225.谁举报我,累计在关卡中战斗胜利1353次,1,"[{type:6,param:1,val:35200224}]","[{type:3,param:5,val:1353,recMode:0}]",[],"[{type:1,funcs:[{type:1,param:30030011,value:1}]}]",n,135200225,235200225,
35200226,226.以理服人,讲道理次数达到16次,1,"[{type:6,param:1,val:35200225}]","[{type:3,param:19,val:16,recMode:0}]",[],"[{type:1,funcs:[{type:1,param:30200026,value:1},{type:1,param:30200030,value:1}]}]",n,135200226,235200226,
35200227,227.培养小弟,至少3名小弟等级达到100级,1,"[{type:6,param:1,val:35200226}]","[{type:4,param:100,val:3,recMode:0}]",[],"[{type:1,funcs:[{type:1,param:30030003,value:2}]}]",n,135200227,235200227,
35200228,228.势不可挡,势力达到28万,1,"[{type:6,param:1,val:35200227}]","[{type:3,param:6,val:280000,recMode:0}]",[],"[{type:1,funcs:[{type:4,param:80400001,value:600000}]}]",n,135200228,235200228,
35200229,229.警方查封,累计在关卡中战斗胜利1394次,1,"[{type:6,param:1,val:35200228}]","[{type:3,param:5,val:1394,recMode:0}]",[],"[{type:1,funcs:[{type:4,param:80400004,value:600000}]}]",n,135200229,235200229,
35200230,230.交际应酬,酒楼搞应酬次数达到300次,1,"[{type:6,param:1,val:35200229}]","[{type:3,param:16,val:300,recMode:0}]",[],"[{type:1,funcs:[{type:1,param:30030006,value:2}]}]",n,135200230,235200230,
35200231,231.经营酒吧,经营酒吧次数达320次,1,"[{type:6,param:1,val:35200230}]","[{type:3,param:1,val:320,recMode:0}]",[],"[{type:1,funcs:[{type:4,param:80400001,value:600000}]}]",n,135200231,235200231,
35200232,232.提升声望,提升声望次数达320次,1,"[{type:6,param:1,val:35200231}]","[{type:3,param:2,val:320,recMode:0}]",[],"[{type:1,funcs:[{type:4,param:80400003,value:600000}]}]",n,135200232,235200232,
35200233,233.生产物资,生产物资次数达320次,1,"[{type:6,param:1,val:35200232}]","[{type:3,param:3,val:320,recMode:0}]",[],"[{type:1,funcs:[{type:4,param:80400004,value:600000}]}]",n,135200233,235200233,
35200234,234.培养小弟,使用强化卷培养小弟秘籍10次,1,"[{type:6,param:1,val:35200233}]","[{type:3,param:43,val:10,recMode:0}]",[],"[{type:1,funcs:[{type:1,param:30200002,value:1},{type:1,param:30200003,value:1},{type:1,param:30200027,value:1}]}]",n,135200234,235200234,
35200235,235.早有准备,累计在关卡中战斗胜利1435次,1,"[{type:6,param:1,val:35200234}]","[{type:3,param:5,val:1435,recMode:0}]",[],"[{type:1,funcs:[{type:1,param:30200036,value:1}]}]",n,135200235,235200235,
35200236,236.知名度暴增,富豪等级达到酒吧大亨1,1,"[{type:6,param:1,val:35200235}]","[{type:3,param:7,val:7,recMode:0}]",[],"[{type:1,funcs:[{type:1,param:30030005,value:1},{type:1,param:30030006,value:1},{type:1,param:30030007,value:1}]}]",n,135200236,235200236,
35200237,237.领取福利,电视台领取福利次数达到6次,1,"[{type:6,param:1,val:35200236}]","[{type:3,param:38,val:6,recMode:0}]",[],"[{type:1,funcs:[{type:1,param:30030004,value:2}]}]",n,135200237,235200237,
35200238,238.以理服人,讲道理次数达到18次,1,"[{type:6,param:1,val:35200237}]","[{type:3,param:19,val:18,recMode:0}]",[],"[{type:1,funcs:[{type:1,param:30030012,value:1}]}]",n,135200238,235200238,
35200239,239.滔滔不绝,茶楼使用【茶具】3次,1,"[{type:6,param:1,val:35200238}]","[{type:2,param:30030012,val:3,recMode:0}]",[],"[{type:1,funcs:[{type:1,param:30200026,value:1},{type:1,param:30200030,value:1}]}]",n,135200239,235200239,
35200240,240.协助警方,累计在关卡中战斗胜利1476次,1,"[{type:6,param:1,val:35200239}]","[{type:3,param:5,val:1476,recMode:0}]",[],"[{type:1,funcs:[{type:4,param:80400001,value:600000}]}]",n,135200240,235200240,
35200241,241.培养小弟,至少4名小弟等级达到100级,1,"[{type:6,param:1,val:35200240}]","[{type:4,param:100,val:4,recMode:0}]",[],"[{type:1,funcs:[{type:1,param:30030006,value:2}]}]",n,135200241,235200241,
35200242,242.势不可挡,势力达到30万,1,"[{type:6,param:1,val:35200241}]","[{type:3,param:6,val:300000,recMode:0}]",[],"[{type:1,funcs:[{type:1,param:30200027,value:1}]}]",n,135200242,235200242,
35200243,243.活力恢复,使用【刘老吉凉茶】40次,1,"[{type:6,param:1,val:35200242}]","[{type:2,param:30030006,val:40,recMode:0}]",[],"[{type:1,funcs:[{type:1,param:30030014,value:1}]}]",n,135200243,235200243,
35200244,244.技能升级,小弟技能升级次数达50次,1,"[{type:6,param:1,val:35200243}]","[{type:3,param:23,val:50,recMode:0}]",[],"[{type:1,funcs:[{type:4,param:80400004,value:600000}]}]",n,135200244,235200244,
35200245,245.一网打尽,累计在关卡中战斗胜利1517次,1,"[{type:6,param:1,val:35200244}]","[{type:3,param:5,val:1517,recMode:0}]",[],"[{type:1,funcs:[{type:4,param:80400001,value:600000}]}]",n,135200245,235200245,
35200246,246.领养孩子,领养孩子数量达5个,1,"[{type:6,param:1,val:35200245}]","[{type:3,param:10,val:5,recMode:0}]",[],"[{type:1,funcs:[{type:1,param:30200040,value:1},{type:1,param:30200043,value:1}]}]",n,135200246,235200246,
35200247,247.日常决策,日常决策次数达120次,1,"[{type:6,param:1,val:35200246}]","[{type:3,param:4,val:120,recMode:0}]",[],"[{type:1,funcs:[{type:1,param:30030003,value:2}]}]",n,135200247,235200247,
35200248,248.每日签到,累计签到7天,1,"[{type:6,param:1,val:35200247}]","[{type:3,param:13,val:7,recMode:0}]",[],"[{type:1,funcs:[{type:4,param:80400002,value:700}]}]",n,135200248,235200248,
35200249,249.因祸得福,累计在关卡中战斗胜利1558次,1,"[{type:6,param:1,val:35200248}]","[{type:3,param:5,val:1558,recMode:0}]",[],"[{type:1,funcs:[{type:4,param:80400001,value:700000}]}]",n,135200249,235200249,
35200250,250.家教学习,家教学习次数达到24次,1,"[{type:6,param:1,val:35200249}]","[{type:3,param:17,val:24,recMode:0}]",[],"[{type:1,funcs:[{type:1,param:30030007,value:2}]}]",n,135200250,235200250,
35200251,251.拈花惹草,随机约会妹子次数达到180次,1,"[{type:6,param:1,val:35200250}]","[{type:3,param:8,val:180,recMode:0}]",[],"[{type:1,funcs:[{type:1,param:30030005,value:2}]}]",n,135200251,235200251,
35200252,252.旅游散心,去散心次数达210次,1,"[{type:6,param:1,val:35200251}]","[{type:3,param:15,val:210,recMode:0}]",[],"[{type:1,funcs:[{type:1,param:30030006,value:2}]}]",n,135200252,235200252,
35200253,253.培养小弟,至少5名小弟等级达到100级,1,"[{type:6,param:1,val:35200252}]","[{type:4,param:100,val:5,recMode:0}]",[],"[{type:1,funcs:[{type:1,param:30030004,value:2}]}]",n,135200253,235200253,
35200254,254.势不可挡,势力达到32万,1,"[{type:6,param:1,val:35200253}]","[{type:3,param:6,val:320000,recMode:0}]",[],"[{type:1,funcs:[{type:1,param:30200027,value:1}]}]",n,135200254,235200254,
35200255,255.结识官场,累计在关卡中战斗胜利1599次,1,"[{type:6,param:1,val:35200254}]","[{type:3,param:5,val:1599,recMode:0}]",[],"[{type:1,funcs:[{type:4,param:80400001,value:700000}]}]",n,135200255,235200255,
35200256,256.以理服人,讲道理次数达到19次,1,"[{type:6,param:1,val:35200255}]","[{type:3,param:19,val:19,recMode:0}]",[],"[{type:1,funcs:[{type:1,param:30030003,value:2}]}]",n,135200256,235200256,
35200257,257.领取福利,电视台领取福利次数达到7次,1,"[{type:6,param:1,val:35200256}]","[{type:3,param:38,val:7,recMode:0}]",[],"[{type:1,funcs:[{type:1,param:30030014,value:1}]}]",n,135200257,235200257,
35200258,258.经营酒吧,经营酒吧次数达350次,1,"[{type:6,param:1,val:35200257}]","[{type:3,param:1,val:350,recMode:0}]",[],"[{type:1,funcs:[{type:4,param:80400001,value:700000}]}]",n,135200258,235200258,
35200259,259.提升声望,提升声望次数达350次,1,"[{type:6,param:1,val:35200258}]","[{type:3,param:2,val:350,recMode:0}]",[],"[{type:1,funcs:[{type:4,param:80400003,value:700000}]}]",n,135200259,235200259,
35200260,260.生产物资,生产物资次数达350次,1,"[{type:6,param:1,val:35200259}]","[{type:3,param:3,val:350,recMode:0}]",[],"[{type:1,funcs:[{type:4,param:80400004,value:700000}]}]",n,135200260,235200260,
35200261,261.交际应酬,酒楼搞应酬次数达到400次,1,"[{type:6,param:1,val:35200260}]","[{type:3,param:16,val:400,recMode:0}]",[],"[{type:1,funcs:[{type:1,param:30030006,value:2}]}]",n,135200261,235200261,
35200262,262.妹子养成,升级妹子技能20次,1,"[{type:6,param:1,val:35200261}]","[{type:3,param:42,val:20,recMode:0}]",[],"[{type:1,funcs:[{type:1,param:30200040,value:1},{type:1,param:30200043,value:1}]}]",n,135200262,235200262,
35200263,263.行业巨头,累计在关卡中战斗胜利1640次,1,"[{type:6,param:1,val:35200262}]","[{type:3,param:5,val:1640,recMode:0}]",[],"[{type:1,funcs:[{type:4,param:80400001,value:700000}]}]",n,135200263,235200263,
35200264,264.以理服人,讲道理次数达到22次,1,"[{type:6,param:1,val:35200263}]","[{type:3,param:19,val:22,recMode:0}]",[],"[{type:1,funcs:[{type:1,param:30030012,value:1}]}]",n,135200264,235200264,
35200265,265.滔滔不绝,茶楼使用【茶具】4次,1,"[{type:6,param:1,val:35200264}]","[{type:2,param:30030012,val:4,recMode:0}]",[],"[{type:1,funcs:[{type:1,param:30200026,value:1},{type:1,param:30200030,value:1}]}]",n,135200265,235200265,
35200266,266.培养小弟,至少6名小弟等级达到100级,1,"[{type:6,param:1,val:35200265}]","[{type:4,param:100,val:6,recMode:0}]",[],"[{type:1,funcs:[{type:1,param:30030004,value:2}]}]",n,135200266,235200266,
35200267,267.势不可挡,势力达到34万,1,"[{type:6,param:1,val:35200266}]","[{type:3,param:6,val:340000,recMode:0}]",[],"[{type:1,funcs:[{type:1,param:30200027,value:1}]}]",n,135200267,235200267,
35200268,268.收集资料,累计在关卡中战斗胜利1681次,1,"[{type:6,param:1,val:35200267}]","[{type:3,param:5,val:1681,recMode:0}]",[],"[{type:1,funcs:[{type:4,param:80400001,value:700000}]}]",n,135200268,235200268,
35200269,269.日常决策,日常决策次数达160次,1,"[{type:6,param:1,val:35200268}]","[{type:3,param:4,val:160,recMode:0}]",[],"[{type:1,funcs:[{type:1,param:30021001,value:1},{type:1,param:30022001,value:1},{type:1,param:30023001,value:1}]}]",n,135200269,235200269,
35200270,270.小弟升职,至少1名小弟职位达到精英,1,"[{type:6,param:1,val:35200269}]","[{type:5,param:1,val:1,recMode:0}]",[],"[{type:1,funcs:[{type:4,param:80400004,value:700000}]}]",n,135200270,235200270,
35200271,271.活力恢复,使用【刘老吉凉茶】50次,1,"[{type:6,param:1,val:35200270}]","[{type:2,param:30030006,val:50,recMode:0}]",[],"[{type:1,funcs:[{type:1,param:30030014,value:1}]}]",n,135200271,235200271,
35200272,272.领养孩子,领养孩子数量达6个,1,"[{type:6,param:1,val:35200271}]","[{type:3,param:10,val:6,recMode:0}]",[],"[{type:1,funcs:[{type:4,param:80400002,value:80}]}]",n,135200272,235200272,
35200273,273.喜结良缘,举行婚礼次数达4次,1,"[{type:6,param:1,val:35200272}]","[{type:3,param:31,val:4,recMode:0}]",[],"[{type:1,funcs:[{type:1,param:30200036,value:1}]}]",n,135200273,235200273,
35200274,274.登门拜访,累计在关卡中战斗胜利1722次,1,"[{type:6,param:1,val:35200273}]","[{type:3,param:5,val:1722,recMode:0}]",[],"[{type:1,funcs:[{type:4,param:80400001,value:700000}]}]",n,135200274,235200274,
35200275,275.势不可挡,势力达到36万,1,"[{type:6,param:1,val:35200274}]","[{type:3,param:6,val:360000,recMode:0}]",[],"[{type:1,funcs:[{type:1,param:30021001,value:1},{type:1,param:30022001,value:1},{type:1,param:30023001,value:1}]}]",n,135200275,235200275,
35200276,276.小弟升职,至少2名小弟职位达到精英,1,"[{type:6,param:1,val:35200275}]","[{type:5,param:1,val:2,recMode:0}]",[],"[{type:1,funcs:[{type:1,param:30110013,value:1}]}]",n,135200276,235200276,
35200277,277.培养小弟,至少1名小弟等级达到120,1,"[{type:6,param:1,val:35200276}]","[{type:4,param:120,val:1,recMode:0}]",[],"[{type:1,funcs:[{type:1,param:30030006,value:3}]}]",n,135200277,235200277,
35200278,278.合作洽谈,累计在关卡中战斗胜利1763次,1,"[{type:6,param:1,val:35200277}]","[{type:3,param:5,val:1763,recMode:0}]",[],"[{type:1,funcs:[{type:4,param:80400001,value:700000}]}]",n,135200278,235200278,
35200279,279.以理服人,讲道理次数达到32次,1,"[{type:6,param:1,val:35200278}]","[{type:3,param:19,val:32,recMode:0}]",[],"[{type:1,funcs:[{type:1,param:30030012,value:1}]}]",n,135200279,235200279,
35200280,280.滔滔不绝,茶楼使用【茶具】5次,1,"[{type:6,param:1,val:35200279}]","[{type:2,param:30030012,val:5,recMode:0}]",[],"[{type:1,funcs:[{type:1,param:30200026,value:1},{type:1,param:30200030,value:1}]}]",n,135200280,235200280,
35200281,281.家教学习,家教学习次数达到28次,1,"[{type:6,param:1,val:35200280}]","[{type:3,param:17,val:28,recMode:0}]",[],"[{type:1,funcs:[{type:1,param:30030007,value:2}]}]",n,135200281,235200281,
35200282,282.升级技能,小弟技能升级次数达60次,1,"[{type:6,param:1,val:35200281}]","[{type:3,param:23,val:60,recMode:0}]",[],"[{type:1,funcs:[{type:4,param:80400004,value:700000}]}]",n,135200282,235200282,
35200283,283.喝酒庆祝,累计在关卡中战斗胜利1804次,1,"[{type:6,param:1,val:35200282}]","[{type:3,param:5,val:1804,recMode:0}]",[],"[{type:1,funcs:[{type:4,param:80400001,value:700000}]}]",n,135200283,235200283,
35200284,284.培养小弟,至少2名小弟等级达到120,1,"[{type:6,param:1,val:35200283}]","[{type:4,param:120,val:2,recMode:0}]",[],"[{type:1,funcs:[{type:1,param:30200026,value:1},{type:1,param:30200030,value:1}]}]",n,135200284,235200284,
35200285,285.寻找组织,成功加入联盟,1,"[{type:6,param:1,val:35200284}]","[{type:3,param:24,val:1,recMode:0}]",[],"[{type:1,funcs:[{type:4,param:80400002,value:100}]}]",n,135200285,235200285,
35200286,286.联盟建设,联盟建设次数达1次,1,"[{type:6,param:1,val:35200285}]","[{type:3,param:25,val:1,recMode:0}]",[],"[{type:1,funcs:[{type:4,param:80400001,value:700000}]}]",n,135200286,235200286,
35200287,287.联盟兑换,联盟兑换次数达1次,1,"[{type:6,param:1,val:35200286}]","[{type:3,param:26,val:1,recMode:0}]",[],"[{type:1,funcs:[{type:1,param:30030005,value:2}]}]",n,135200287,235200287,
35200288,288.旅游散心,去散心次数达250次,1,"[{type:6,param:1,val:35200287}]","[{type:3,param:15,val:250,recMode:0}]",[],"[{type:1,funcs:[{type:1,param:30030007,value:2}]}]",n,135200288,235200288,
35200289,289.拈花惹草,随机约会妹子次数达到210次,1,"[{type:6,param:1,val:35200288}]","[{type:3,param:8,val:210,recMode:0}]",[],"[{type:1,funcs:[{type:1,param:30030006,value:2}]}]",n,135200289,235200289,
35200290,290.妹子养成,升级妹子技能50次,1,"[{type:6,param:1,val:35200289}]","[{type:3,param:42,val:50,recMode:0}]",[],"[{type:1,funcs:[{type:1,param:30200043,value:1},{type:1,param:30200042,value:1}]}]",n,135200290,235200290,
35200291,291.养儿育女,领养孩子培养次数达到200次,1,"[{type:6,param:1,val:35200290}]","[{type:3,param:11,val:200,recMode:0}]",[],"[{type:1,funcs:[{type:4,param:80400004,value:700000}]}]",n,135200291,235200291,
35200292,292.培养小弟,至少3名小弟等级达到120,1,"[{type:6,param:1,val:35200291}]","[{type:4,param:120,val:3,recMode:0}]",[],"[{type:1,funcs:[{type:1,param:30200026,value:1},{type:1,param:30200030,value:1}]}]",n,135200292,235200292,
35200293,293.神秘合作人,累计在关卡中战斗胜利1845次,1,"[{type:6,param:1,val:35200292}]","[{type:3,param:5,val:1845,recMode:0}]",[],"[{type:1,funcs:[{type:4,param:80400001,value:700000}]}]",n,135200293,235200293,
35200294,294.交际应酬,酒楼搞应酬次数达到500次,1,"[{type:6,param:1,val:35200293}]","[{type:3,param:16,val:500,recMode:0}]",[],"[{type:1,funcs:[{type:1,param:30030004,value:2}]}]",n,135200294,235200294,
35200295,295.日常决策,日常决策次数达到200次,1,"[{type:6,param:1,val:35200294}]","[{type:3,param:4,val:200,recMode:0}]",[],"[{type:1,funcs:[{type:4,param:80400001,value:800000}]}]",n,135200295,235200295,
35200296,296.势不可挡,势力达到100万,1,"[{type:6,param:1,val:35200295}]","[{type:3,param:6,val:1000000,recMode:0}]",[],"[{type:1,funcs:[{type:1,param:30110013,value:1}]}]",n,135200296,235200296,
35200297,297.培养小弟,至少1名小弟等级达到150,1,"[{type:6,param:1,val:35200296}]","[{type:4,param:150,val:1,recMode:0}]",[],"[{type:1,funcs:[{type:1,param:30200026,value:1},{type:1,param:30200030,value:1}]}]",n,135200297,235200297,
35200298,298.电话谈论,累计在关卡中战斗胜利1886次,1,"[{type:6,param:1,val:35200297}]","[{type:3,param:5,val:1886,recMode:0}]",[],"[{type:1,funcs:[{type:4,param:80400001,value:800000}]}]",n,135200298,235200298,
35200299,299.以理服人,讲道理次数达到40次,1,"[{type:6,param:1,val:35200298}]","[{type:3,param:19,val:40,recMode:0}]",[],"[{type:1,funcs:[{type:1,param:30030011,value:1}]}]",n,135200299,235200299,
35200300,300.家教学习,家教学习次数达到32次,1,"[{type:6,param:1,val:35200299}]","[{type:3,param:17,val:32,recMode:0}]",[],"[{type:1,funcs:[{type:1,param:30030003,value:2}]}]",n,135200300,235200300,
35200301,301.技能升级,小弟技能升级次数达80次,1,"[{type:6,param:1,val:35200300}]","[{type:3,param:23,val:80,recMode:0}]",[],"[{type:1,funcs:[{type:4,param:80400004,value:800000}]}]",n,135200301,235200301,
35200302,302.见面详谈,累计在关卡中战斗胜利1927次,1,"[{type:6,param:1,val:35200301}]","[{type:3,param:5,val:1927,recMode:0}]",[],"[{type:1,funcs:[{type:4,param:80400001,value:800000}]}]",n,135200302,235200302,
35200303,303.培养小弟,至少2名小弟等级达到150,1,"[{type:6,param:1,val:35200302}]","[{type:4,param:150,val:2,recMode:0}]",[],"[{type:1,funcs:[{type:1,param:30200026,value:1},{type:1,param:30200030,value:1}]}]",n,135200303,235200303,
35200304,304.联盟建设,联盟建设次数达2次,1,"[{type:6,param:1,val:35200303}]","[{type:3,param:25,val:2,recMode:0}]",[],"[{type:1,funcs:[{type:4,param:80400001,value:800000}]}]",n,135200304,235200304,
35200305,305.联盟兑换,联盟兑换次数达2次,1,"[{type:6,param:1,val:35200304}]","[{type:3,param:26,val:2,recMode:0}]",[],"[{type:1,funcs:[{type:1,param:30030005,value:2}]}]",n,135200305,235200305,
35200306,306.交际应酬,酒楼搞应酬次数达到600次,1,"[{type:6,param:1,val:35200305}]","[{type:3,param:16,val:600,recMode:0}]",[],"[{type:1,funcs:[{type:4,param:80400004,value:800000}]}]",n,135200306,235200306,
35200307,307.再开分酒吧,累计在关卡中战斗胜利1968次,1,"[{type:6,param:1,val:35200306}]","[{type:3,param:5,val:1968,recMode:0}]",[],"[{type:1,funcs:[{type:4,param:80400001,value:800000}]}]",n,135200307,235200307,
35200308,308.旅游散心,去散心次数达300次,1,"[{type:6,param:1,val:35200307}]","[{type:3,param:15,val:300,recMode:0}]",[],"[{type:1,funcs:[{type:1,param:30030007,value:2}]}]",n,135200308,235200308,
35200309,309.拈花惹草,随机约会妹子次数达到250次,1,"[{type:6,param:1,val:35200308}]","[{type:3,param:8,val:250,recMode:0}]",[],"[{type:1,funcs:[{type:1,param:30030006,value:2}]}]",n,135200309,235200309,
35200310,310.培养小弟,至少3名小弟等级达到150,1,"[{type:6,param:1,val:35200309}]","[{type:4,param:150,val:3,recMode:0}]",[],"[{type:1,funcs:[{type:1,param:30200026,value:1},{type:1,param:30200030,value:1}]}]",n,135200310,235200310,
35200311,311.妹子养成,升级妹子技能80次,1,"[{type:6,param:1,val:35200310}]","[{type:3,param:42,val:80,recMode:0}]",[],"[{type:1,funcs:[{type:1,param:30200043,value:1},{type:1,param:30200042,value:1}]}]",n,135200311,235200311,
35200312,312.领养孩子,领养孩子数量达10个,1,"[{type:6,param:1,val:35200311}]","[{type:3,param:10,val:10,recMode:0}]",[],"[{type:1,funcs:[{type:1,param:30030009,value:1}]}]",n,135200312,235200312,
35200313,313.喜结良缘,举行婚礼次数达8次,1,"[{type:6,param:1,val:35200312}]","[{type:3,param:31,val:8,recMode:0}]",[],"[{type:1,funcs:[{type:1,param:30200036,value:1}]}]",n,135200313,235200313,
35200314,314.慈善包装,累计在关卡中战斗胜利2009次,1,"[{type:6,param:1,val:35200313}]","[{type:3,param:5,val:2009,recMode:0}]",[],"[{type:1,funcs:[{type:4,param:80400001,value:800000}]}]",n,135200314,235200314,
35200315,315.交际应酬,酒楼搞应酬次数达到700次,1,"[{type:6,param:1,val:35200314}]","[{type:3,param:16,val:700,recMode:0}]",[],"[{type:1,funcs:[{type:1,param:30030004,value:2}]}]",n,135200315,235200315,
35200316,316.日常决策,日常决策次数达250次,1,"[{type:6,param:1,val:35200315}]","[{type:3,param:4,val:250,recMode:0}]",[],"[{type:1,funcs:[{type:4,param:80400001,value:800000}]}]",n,135200316,235200316,
35200317,317.培养小弟,至少4名小弟等级达到150,1,"[{type:6,param:1,val:35200316}]","[{type:4,param:150,val:4,recMode:0}]",[],"[{type:1,funcs:[{type:1,param:30200026,value:1},{type:1,param:30200030,value:1}]}]",n,135200317,235200317,
35200318,318.爱心企业,累计在关卡中战斗胜利2050次,1,"[{type:6,param:1,val:35200317}]","[{type:3,param:5,val:2050,recMode:0}]",[],"[{type:1,funcs:[{type:4,param:80400001,value:800000}]}]",n,135200318,235200318,
35200319,319.以理服人,讲道理次数达到45次,1,"[{type:6,param:1,val:35200318}]","[{type:3,param:19,val:45,recMode:0}]",[],"[{type:1,funcs:[{type:1,param:30030011,value:1}]}]",n,135200319,235200319,
35200320,320.家教学习,家教学习次数达36次,1,"[{type:6,param:1,val:35200319}]","[{type:3,param:17,val:36,recMode:0}]",[],"[{type:1,funcs:[{type:1,param:30200030,value:1}]}]",n,135200320,235200320,
35200321,321.技能升级,小弟技能升级次数达100次,1,"[{type:6,param:1,val:35200320}]","[{type:3,param:23,val:100,recMode:0}]",[],"[{type:1,funcs:[{type:4,param:80400004,value:1000000}]}]",n,135200321,235200321,
35200322,322.联盟建设,联盟建设次数达3次,1,"[{type:6,param:1,val:35200321}]","[{type:3,param:25,val:3,recMode:0}]",[],"[{type:1,funcs:[{type:4,param:80400001,value:1000000}]}]",n,135200322,235200322,
35200323,323.继续扩张,累计在关卡中战斗胜利2091次,1,"[{type:6,param:1,val:35200322}]","[{type:3,param:5,val:2091,recMode:0}]",[],"[{type:1,funcs:[{type:4,param:80400001,value:1000000}]}]",n,135200323,235200323,
35200324,324.旅游散心,去散心次数达350次,1,"[{type:6,param:1,val:35200323}]","[{type:3,param:15,val:350,recMode:0}]",[],"[{type:1,funcs:[{type:1,param:30030007,value:2}]}]",n,135200324,235200324,
35200325,325.拈花惹草,随机约会妹子次数达到300次,1,"[{type:6,param:1,val:35200324}]","[{type:3,param:8,val:300,recMode:0}]",[],"[{type:1,funcs:[{type:1,param:30030006,value:2}]}]",n,135200325,235200325,
35200326,326.妹子养成,升级妹子技能110次,1,"[{type:6,param:1,val:35200325}]","[{type:3,param:42,val:110,recMode:0}]",[],"[{type:1,funcs:[{type:1,param:30200043,value:1},{type:1,param:30200042,value:1}]}]",n,135200326,235200326,
35200327,327.培养小弟,至少5名小弟等级达到150级,1,"[{type:6,param:1,val:35200326}]","[{type:4,param:150,val:5,recMode:0}]",[],"[{type:1,funcs:[{type:1,param:30200026,value:1},{type:1,param:30200030,value:1}]}]",n,135200327,235200327,
35200328,328.秘书的行踪,累计在关卡中战斗胜利2132次,1,"[{type:6,param:1,val:35200327}]","[{type:3,param:5,val:2132,recMode:0}]",[],"[{type:1,funcs:[{type:4,param:80400001,value:1000000}]}]",n,135200328,235200328,
35200329,329.领取福利,电视台领取福利次数达到10次,1,"[{type:6,param:1,val:35200328}]","[{type:3,param:38,val:10,recMode:0}]",[],"[{type:1,funcs:[{type:1,param:30030014,value:1}]}]",n,135200329,235200329,
35200330,330.经营酒吧,经营酒吧次数达650次,1,"[{type:6,param:1,val:35200329}]","[{type:3,param:1,val:650,recMode:0}]",[],"[{type:1,funcs:[{type:4,param:80400001,value:1000000}]}]",n,135200330,235200330,
35200331,331.提升声望,提升声望次数达650次,1,"[{type:6,param:1,val:35200330}]","[{type:3,param:2,val:650,recMode:0}]",[],"[{type:1,funcs:[{type:4,param:80400003,value:1000000}]}]",n,135200331,235200331,
35200332,332.生产物资,生产物资次数达650次,1,"[{type:6,param:1,val:35200331}]","[{type:3,param:3,val:650,recMode:0}]",[],"[{type:1,funcs:[{type:4,param:80400004,value:1000000}]}]",n,135200332,235200332,
35200333,333.培养小弟,至少6名小弟等级达150级,1,"[{type:6,param:1,val:35200332}]","[{type:4,param:150,val:6,recMode:0}]",[],"[{type:1,funcs:[{type:1,param:30200026,value:1},{type:1,param:30200030,value:1}]}]",n,135200333,235200333,
35200334,334.势不可挡,势力达到120万,1,"[{type:6,param:1,val:35200333}]","[{type:3,param:6,val:1200000,recMode:0}]",[],"[{type:1,funcs:[{type:1,param:30110013,value:1}]}]",n,135200334,235200334,
35200335,335.幕后是谁,累计在关卡中战斗胜利2173次,1,"[{type:6,param:1,val:35200334}]","[{type:3,param:5,val:2173,recMode:0}]",[],"[{type:1,funcs:[{type:4,param:80400001,value:1000000}]}]",n,135200335,235200335,
35200336,336.联盟建设,联盟建设次数达4次,1,"[{type:6,param:1,val:35200335}]","[{type:3,param:25,val:4,recMode:0}]",[],"[{type:1,funcs:[{type:4,param:80400001,value:1000000}]}]",n,135200336,235200336,
35200337,337.联盟兑换,联盟兑换次数达4次,1,"[{type:6,param:1,val:35200336}]","[{type:3,param:26,val:4,recMode:0}]",[],"[{type:1,funcs:[{type:1,param:30030005,value:2}]}]",n,135200337,235200337,
35200338,338.交际应酬,酒楼搞应酬次数达到800次,1,"[{type:6,param:1,val:35200337}]","[{type:3,param:16,val:800,recMode:0}]",[],"[{type:1,funcs:[{type:1,param:30030004,value:2}]}]",n,135200338,235200338,
35200339,339.日常决策,日常决策次数达250次,1,"[{type:6,param:1,val:35200338}]","[{type:3,param:4,val:300,recMode:0}]",[],"[{type:1,funcs:[{type:4,param:80400001,value:1000000}]}]",n,135200339,235200339,
35200340,340.培养小弟,至少7名小弟等级达150级,1,"[{type:6,param:1,val:35200339}]","[{type:4,param:150,val:7,recMode:0}]",[],"[{type:1,funcs:[{type:1,param:30200026,value:1},{type:1,param:30200030,value:1}]}]",n,135200340,235200340,
35200341,341.是敌是友,累计在关卡中战斗胜利2214次,1,"[{type:6,param:1,val:35200340}]","[{type:3,param:5,val:2214,recMode:0}]",[],"[{type:1,funcs:[{type:4,param:80400001,value:1000000}]}]",n,135200341,235200341,
35200342,342.家教学习,家教学习次数达40次,1,"[{type:6,param:1,val:35200341}]","[{type:3,param:17,val:40,recMode:0}]",[],"[{type:1,funcs:[{type:1,param:30200030,value:1}]}]",n,135200342,235200342,
35200343,343.技能升级,小弟技能升级次数达100次,1,"[{type:6,param:1,val:35200342}]","[{type:3,param:23,val:120,recMode:0}]",[],"[{type:1,funcs:[{type:1,param:30030011,value:1}]}]",n,135200343,235200343,
35200344,344.以理服人,讲道理次数达到50次,1,"[{type:6,param:1,val:35200343}]","[{type:3,param:19,val:50,recMode:0}]",[],"[{type:1,funcs:[{type:4,param:80400001,value:1000000}]}]",n,135200344,235200344,
35200345,345.旅游散心,去散心次数达400次,1,"[{type:6,param:1,val:35200344}]","[{type:3,param:15,val:400,recMode:0}]",[],"[{type:1,funcs:[{type:1,param:30030007,value:2}]}]",n,135200345,235200345,
35200346,346.拈花惹草,随机约会妹子次数达到350次,1,"[{type:6,param:1,val:35200345}]","[{type:3,param:8,val:350,recMode:0}]",[],"[{type:1,funcs:[{type:1,param:30030006,value:2}]}]",n,135200346,235200346,
35200347,347.妹子养成,升级妹子技能140次,1,"[{type:6,param:1,val:35200346}]","[{type:3,param:42,val:140,recMode:0}]",[],"[{type:1,funcs:[{type:1,param:30200043,value:1},{type:1,param:30200042,value:1}]}]",n,135200347,235200347,
35200348,348.培养小弟,至少8名小弟等级达150级,1,"[{type:6,param:1,val:35200347}]","[{type:4,param:150,val:8,recMode:0}]",[],"[{type:1,funcs:[{type:1,param:30200026,value:1},{type:1,param:30200030,value:1}]}]",n,135200348,235200348,
35200349,349.神秘计划,累计在关卡中战斗胜利2255次,1,"[{type:6,param:1,val:35200348}]","[{type:3,param:5,val:2255,recMode:0}]",[],"[{type:1,funcs:[{type:4,param:80400001,value:1000000}]}]",n,135200349,235200349,
35200350,350.交际应酬,酒楼搞应酬次数达到900次,1,"[{type:6,param:1,val:35200349}]","[{type:3,param:16,val:900,recMode:0}]",[],"[{type:1,funcs:[{type:1,param:30030004,value:2}]}]",n,135200350,235200350,
35200351,351.日常决策,日常决策次数达350次,1,"[{type:6,param:1,val:35200350}]","[{type:3,param:4,val:350,recMode:0}]",[],"[{type:1,funcs:[{type:1,param:30030003,value:5}]}]",n,135200351,235200351,
35200352,352.经营酒吧,经营酒吧次数达700次,1,"[{type:6,param:1,val:35200351}]","[{type:3,param:1,val:700,recMode:0}]",[],"[{type:1,funcs:[{type:4,param:80400001,value:1000000}]}]",n,135200352,235200352,
35200353,353.提升声望,提升声望次数达700次,1,"[{type:6,param:1,val:35200352}]","[{type:3,param:2,val:700,recMode:0}]",[],"[{type:1,funcs:[{type:4,param:80400003,value:1000000}]}]",n,135200353,235200353,
35200354,354.生产物资,生产物资次数达700次,1,"[{type:6,param:1,val:35200353}]","[{type:3,param:3,val:700,recMode:0}]",[],"[{type:1,funcs:[{type:4,param:80400004,value:1000000}]}]",n,135200354,235200354,
35200355,355.联盟建设,联盟建设次数达5次,1,"[{type:6,param:1,val:35200354}]","[{type:3,param:25,val:5,recMode:0}]",[],"[{type:1,funcs:[{type:4,param:80400001,value:1000000}]}]",n,135200355,235200355,
35200356,356.培养小弟,至少9名小弟等级达150级,1,"[{type:6,param:1,val:35200355}]","[{type:4,param:150,val:9,recMode:0}]",[],"[{type:1,funcs:[{type:1,param:30200026,value:1},{type:1,param:30200030,value:1}]}]",n,135200356,235200356,
35200357,357.势不可挡,势力达到150万,1,"[{type:6,param:1,val:35200356}]","[{type:3,param:6,val:1500000,recMode:0}]",[],"[{type:1,funcs:[{type:1,param:30110013,value:1}]}]",n,135200357,235200357,
35200358,358.不速之客,累计在关卡中战斗胜利2296次,1,"[{type:6,param:1,val:35200357}]","[{type:3,param:5,val:2296,recMode:0}]",[],"[{type:1,funcs:[{type:4,param:80400001,value:1000000}]}]",n,135200358,235200358,
35200359,359.家教学习,家教学习次数达到50次,1,"[{type:6,param:1,val:35200358}]","[{type:3,param:17,val:50,recMode:0}]",[],"[{type:1,funcs:[{type:1,param:30200030,value:1}]}]",n,135200359,235200359,
35200360,360.技能升级,小弟技能升级次数达150次,1,"[{type:6,param:1,val:35200359}]","[{type:3,param:23,val:150,recMode:0}]",[],"[{type:1,funcs:[{type:1,param:30030011,value:1}]}]",n,135200360,235200360,
35200361,361.以理服人,讲道理次数达到55次,1,"[{type:6,param:1,val:35200360}]","[{type:3,param:19,val:55,recMode:0}]",[],"[{type:1,funcs:[{type:4,param:80400001,value:1000000}]}]",n,135200361,235200361,
35200362,362.培养小弟,至少10名小弟等级达150级,1,"[{type:6,param:1,val:35200361}]","[{type:4,param:150,val:10,recMode:0}]",[],"[{type:1,funcs:[{type:1,param:30200026,value:1},{type:1,param:30200030,value:1}]}]",n,135200362,235200362,
35200363,363.旅游散心,去散心次数达450次,1,"[{type:6,param:1,val:35200362}]","[{type:3,param:15,val:450,recMode:0}]",[],"[{type:1,funcs:[{type:1,param:30030007,value:2}]}]",n,135200363,235200363,
35200364,364.拈花惹草,随机约会妹子次数达400次,1,"[{type:6,param:1,val:35200363}]","[{type:3,param:8,val:400,recMode:0}]",[],"[{type:1,funcs:[{type:1,param:30030006,value:2}]}]",n,135200364,235200364,
35200365,365.妹子养成,升级妹子技能180次,1,"[{type:6,param:1,val:35200364}]","[{type:3,param:42,val:180,recMode:0}]",[],"[{type:1,funcs:[{type:1,param:30200043,value:1},{type:1,param:30200042,value:1}]}]",n,135200365,235200365,
35200366,366.联盟建设,联盟建设次数达6次,1,"[{type:6,param:1,val:35200365}]","[{type:3,param:25,val:6,recMode:0}]",[],"[{type:1,funcs:[{type:4,param:80400001,value:1000000}]}]",n,135200366,235200366,
35200367,367.联盟等级,所在联盟等级达2级,1,"[{type:6,param:1,val:35200366}]","[{type:3,param:44,val:2,recMode:0}]",[],"[{type:1,funcs:[{type:1,param:30030006,value:3},{type:1,param:30030007,value:3},{type:1,param:30030005,value:3}]}]",n,135200367,235200367,
35200368,368.知己知彼,累计在关卡中战斗胜利2337次,1,"[{type:6,param:1,val:35200367}]","[{type:3,param:5,val:2337,recMode:0}]",[],"[{type:1,funcs:[{type:4,param:80400001,value:1000000}]}]",n,135200368,235200368,
35200369,369.培养小弟,至少1名小弟等级达200级,1,"[{type:6,param:1,val:35200368}]","[{type:4,param:200,val:1,recMode:0}]",[],"[{type:1,funcs:[{type:1,param:30200026,value:1},{type:1,param:30200030,value:1}]}]",n,135200369,235200369,
35200370,370.喜结良缘,举行婚礼次数达12次,1,"[{type:6,param:1,val:35200369}]","[{type:3,param:31,val:12,recMode:0}]",[],"[{type:1,funcs:[{type:1,param:30200036,value:1}]}]",n,135200370,235200370,
35200371,371.交际应酬,酒楼搞应酬次数达1000次,1,"[{type:6,param:1,val:35200370}]","[{type:3,param:16,val:1000,recMode:0}]",[],"[{type:1,funcs:[{type:1,param:30030004,value:2}]}]",n,135200371,235200371,
35200372,372.日常决策,日常决策次数达400次,1,"[{type:6,param:1,val:35200371}]","[{type:3,param:4,val:400,recMode:0}]",[],"[{type:1,funcs:[{type:1,param:30030003,value:5}]}]",n,135200372,235200372,
35200373,373.经营酒吧,经营酒吧次数达750次,1,"[{type:6,param:1,val:35200372}]","[{type:3,param:1,val:750,recMode:0}]",[],"[{type:1,funcs:[{type:4,param:80400001,value:1000000}]}]",n,135200373,235200373,
35200374,374.提升声望,提升声望次数达750次,1,"[{type:6,param:1,val:35200373}]","[{type:3,param:2,val:750,recMode:0}]",[],"[{type:1,funcs:[{type:4,param:80400003,value:1000000}]}]",n,135200374,235200374,
35200375,375.生产物资,生产物资次数达750次,1,"[{type:6,param:1,val:35200374}]","[{type:3,param:3,val:750,recMode:0}]",[],"[{type:1,funcs:[{type:4,param:80400004,value:1000000}]}]",n,135200375,235200375,
35200376,376.培养小弟,至少2名小弟等级达200级,1,"[{type:6,param:1,val:35200375}]","[{type:4,param:200,val:2,recMode:0}]",[],"[{type:1,funcs:[{type:1,param:30200026,value:1},{type:1,param:30200030,value:1}]}]",n,135200376,235200376,
35200377,377.家教学习,家教学习次数达到60次,1,"[{type:6,param:1,val:35200376}]","[{type:3,param:17,val:60,recMode:0}]",[],"[{type:1,funcs:[{type:1,param:30200030,value:1}]}]",n,135200377,235200377,
35200378,378.技能升级,小弟技能升级次数达210次,1,"[{type:6,param:1,val:35200377}]","[{type:3,param:23,val:210,recMode:0}]",[],"[{type:1,funcs:[{type:1,param:30030011,value:1}]}]",n,135200378,235200378,
35200379,379.以理服人,讲道理次数达到60次,1,"[{type:6,param:1,val:35200378}]","[{type:3,param:19,val:60,recMode:0}]",[],"[{type:1,funcs:[{type:4,param:80400001,value:1000000}]}]",n,135200379,235200379,
35200380,380.旅游散心,去散心次数达500次,1,"[{type:6,param:1,val:35200379}]","[{type:3,param:15,val:500,recMode:0}]",[],"[{type:1,funcs:[{type:1,param:30030007,value:2}]}]",n,135200380,235200380,
35200381,381.拈花惹草,随机约会妹子次数达450次,1,"[{type:6,param:1,val:35200380}]","[{type:3,param:8,val:450,recMode:0}]",[],"[{type:1,funcs:[{type:1,param:30030006,value:2}]}]",n,135200381,235200381,
35200382,382.妹子养成,升级妹子技能220次,1,"[{type:6,param:1,val:35200381}]","[{type:3,param:42,val:220,recMode:0}]",[],"[{type:1,funcs:[{type:1,param:30200043,value:1},{type:1,param:30200042,value:1}]}]",n,135200382,235200382,
35200383,383.联盟建设,联盟建设次数达7次,1,"[{type:6,param:1,val:35200382}]","[{type:3,param:25,val:7,recMode:0}]",[],"[{type:1,funcs:[{type:4,param:80400001,value:1000000}]}]",n,135200383,235200383,
35200384,384.是我的秘书,累计在关卡中战斗胜利2378次,1,"[{type:6,param:1,val:35200383}]","[{type:3,param:5,val:2378,recMode:0}]",[],"[{type:1,funcs:[{type:4,param:80400001,value:1000000}]}]",n,135200384,235200384,
35200385,385.培养小弟,至少3名小弟等级达200级,1,"[{type:6,param:1,val:35200384}]","[{type:4,param:200,val:3,recMode:0}]",[],"[{type:1,funcs:[{type:1,param:30200026,value:1},{type:1,param:30200030,value:1}]}]",n,135200385,235200385,
35200386,386.交际应酬,酒楼搞应酬次数达1200次,1,"[{type:6,param:1,val:35200385}]","[{type:3,param:16,val:1200,recMode:0}]",[],"[{type:1,funcs:[{type:1,param:30030004,value:2}]}]",n,135200386,235200386,
35200387,387.日常决策,日常决策次数达500次,1,"[{type:6,param:1,val:35200386}]","[{type:3,param:4,val:500,recMode:0}]",[],"[{type:1,funcs:[{type:1,param:30030003,value:5}]}]",n,135200387,235200387,
35200388,388.经营酒吧,经营酒吧次数达850次,1,"[{type:6,param:1,val:35200387}]","[{type:3,param:1,val:850,recMode:0}]",[],"[{type:1,funcs:[{type:4,param:80400001,value:1000000}]}]",n,135200388,235200388,
35200389,389.提升声望,提升声望次数达850次,1,"[{type:6,param:1,val:35200388}]","[{type:3,param:2,val:850,recMode:0}]",[],"[{type:1,funcs:[{type:4,param:80400003,value:1000000}]}]",n,135200389,235200389,
35200390,390.生产物资,生产物资次数达850次,1,"[{type:6,param:1,val:35200389}]","[{type:3,param:3,val:850,recMode:0}]",[],"[{type:1,funcs:[{type:4,param:80400004,value:1000000}]}]",n,135200390,235200390,
35200391,391.家教学习,家教学习次数达到100次,1,"[{type:6,param:1,val:35200390}]","[{type:3,param:17,val:100,recMode:0}]",[],"[{type:1,funcs:[{type:1,param:30200030,value:1}]}]",n,135200391,235200391,
35200392,392.技能升级,小弟技能升级次数达270次,1,"[{type:6,param:1,val:35200391}]","[{type:3,param:23,val:270,recMode:0}]",[],"[{type:1,funcs:[{type:1,param:30030011,value:1}]}]",n,135200392,235200392,
35200393,393.以理服人,讲道理次数达到80次,1,"[{type:6,param:1,val:35200392}]","[{type:3,param:19,val:80,recMode:0}]",[],"[{type:1,funcs:[{type:4,param:80400001,value:1000000}]}]",n,135200393,235200393,
35200394,394.旅游散心,去散心次数达600次,1,"[{type:6,param:1,val:35200393}]","[{type:3,param:15,val:600,recMode:0}]",[],"[{type:1,funcs:[{type:1,param:30030007,value:2}]}]",n,135200394,235200394,
35200395,395.拈花惹草,随机约会妹子次数达520次,1,"[{type:6,param:1,val:35200394}]","[{type:3,param:8,val:520,recMode:0}]",[],"[{type:1,funcs:[{type:1,param:30030006,value:2}]}]",n,135200395,235200395,
35200396,396.妹子养成,升级妹子技能270次,1,"[{type:6,param:1,val:35200395}]","[{type:3,param:42,val:270,recMode:0}]",[],"[{type:1,funcs:[{type:1,param:30200043,value:1},{type:1,param:30200042,value:1}]}]",n,135200396,235200396,
35200397,397.联盟建设,联盟建设次数达8次,1,"[{type:6,param:1,val:35200396}]","[{type:3,param:25,val:8,recMode:0}]",[],"[{type:1,funcs:[{type:4,param:80400001,value:1000000}]}]",n,135200397,235200397,
35200398,398.培养小弟,至少4名小弟等级达200级,1,"[{type:6,param:1,val:35200397}]","[{type:4,param:200,val:4,recMode:0}]",[],"[{type:1,funcs:[{type:1,param:30200026,value:1},{type:1,param:30200030,value:1}]}]",n,135200398,235200398,
35200399,399.正面交锋,累计在关卡中战斗胜利2419次,1,"[{type:6,param:1,val:35200398}]","[{type:3,param:5,val:2419,recMode:0}]",[],"[{type:1,funcs:[{type:4,param:80400001,value:1000000}]}]",n,135200399,235200399,
35200400,400.交际应酬,酒楼搞应酬次数达1400次,1,"[{type:6,param:1,val:35200399}]","[{type:3,param:16,val:1400,recMode:0}]",[],"[{type:1,funcs:[{type:1,param:30030004,value:2}]}]",n,135200400,235200400,
35200401,401.日常决策,日常决策次数达600次,1,"[{type:6,param:1,val:35200400}]","[{type:3,param:4,val:600,recMode:0}]",[],"[{type:1,funcs:[{type:1,param:30030003,value:5}]}]",n,135200401,235200401,
35200402,402.经营酒吧,经营酒吧次数达1000次,1,"[{type:6,param:1,val:35200401}]","[{type:3,param:1,val:1000,recMode:0}]",[],"[{type:1,funcs:[{type:4,param:80400001,value:1000000}]}]",n,135200402,235200402,
35200403,403.提升声望,提升声望次数达1000次,1,"[{type:6,param:1,val:35200402}]","[{type:3,param:2,val:1000,recMode:0}]",[],"[{type:1,funcs:[{type:4,param:80400003,value:1000000}]}]",n,135200403,235200403,
35200404,404.生产物资,生产物资次数达1000次,1,"[{type:6,param:1,val:35200403}]","[{type:3,param:3,val:1000,recMode:0}]",[],"[{type:1,funcs:[{type:4,param:80400004,value:1000000}]}]",n,135200404,235200404,
35200405,405.家教学习,家教学习次数达到150次,1,"[{type:6,param:1,val:35200404}]","[{type:3,param:17,val:150,recMode:0}]",[],"[{type:1,funcs:[{type:1,param:30200030,value:1}]}]",n,135200405,235200405,
35200406,406.技能升级,小弟技能升级次数达350次,1,"[{type:6,param:1,val:35200405}]","[{type:3,param:23,val:350,recMode:0}]",[],"[{type:1,funcs:[{type:1,param:30030011,value:1}]}]",n,135200406,235200406,
35200407,407.以理服人,讲道理次数达到100次,1,"[{type:6,param:1,val:35200406}]","[{type:3,param:19,val:100,recMode:0}]",[],"[{type:1,funcs:[{type:4,param:80400001,value:1000000}]}]",n,135200407,235200407,
35200408,408.旅游散心,去散心次数达700次,1,"[{type:6,param:1,val:35200407}]","[{type:3,param:15,val:700,recMode:0}]",[],"[{type:1,funcs:[{type:1,param:30030007,value:2}]}]",n,135200408,235200408,
35200409,409.拈花惹草,随机约会妹子次数达6000次,1,"[{type:6,param:1,val:35200408}]","[{type:3,param:8,val:600,recMode:0}]",[],"[{type:1,funcs:[{type:1,param:30030006,value:2}]}]",n,135200409,235200409,
35200410,410.妹子养成,升级妹子技能350次,1,"[{type:6,param:1,val:35200409}]","[{type:3,param:42,val:350,recMode:0}]",[],"[{type:1,funcs:[{type:1,param:30200043,value:1},{type:1,param:30200042,value:1}]}]",n,135200410,235200410,
35200411,411.胜利在望,累计在关卡中战斗胜利2460次,1,"[{type:6,param:1,val:35200410}]","[{type:3,param:5,val:2460,recMode:0}]",[],"[{type:1,funcs:[{type:4,param:80400001,value:1000000}]}]",n,135200411,235200411,
35200412,412.知名度暴增,富豪等级达到酒吧大亨2,1,"[{type:6,param:1,val:35200411}]","[{type:3,param:7,val:8,recMode:0}]",[],"[{type:1,funcs:[{type:1,param:30030005,value:5},{type:1,param:30030007,value:5},{type:1,param:30030006,value:5}]}]",n,135200412,235200412,
35200413,413.培养小弟,至少5名小弟等级达200级,1,"[{type:6,param:1,val:35200412}]","[{type:4,param:200,val:5,recMode:0}]",[],"[{type:1,funcs:[{type:1,param:30200026,value:1},{type:1,param:30200030,value:1}]}]",n,135200413,235200413,
35200414,414.势不可挡,势力达到150万,1,"[{type:6,param:1,val:35200413}]","[{type:3,param:6,val:2000000,recMode:0}]",[],"[{type:1,funcs:[{type:1,param:30110013,value:1}]}]",n,135200414,235200414,
